lemma,count,zipf,cap_ratio
the,5844,7.73,0.03
be,3572,6.79,0.0
and,2872,7.41,0.02
to,2699,7.43,0.0
of,2357,7.4,0.0
he,2340,6.69,0.05
have,1625,6.71,0.0
that,1496,7.01,0.02
his,1346,6.51,0.02
in,1296,7.27,0.01
they,1083,6.5,0.02
it,966,6.95,0.02
as,910,6.77,0.01
you,858,6.98,0.03
she,781,6.26,0.15
her,762,6.3,0.04
for,752,7.01,0.02
with,748,6.85,0.01
but,724,6.63,0.03
say,652,5.89,0.0
this,632,6.82,0.02
do,590,6.35,0.01
not,563,6.69,0.02
obi-want,561,3.35,0.75
at,538,6.7,0.01
their,475,6.33,0.01
on,460,6.91,0.01
from,457,6.63,0.02
would,438,6.27,0.01
we,433,6.54,0.04
if,431,6.47,0.02
one,419,6.47,0.04
no,418,6.35,0.08
what,410,6.38,0.07
then,385,6.07,0.05
all,371,6.52,0.02
there,368,6.31,0.05
could,354,6.06,0.0
a,347,7.36,0.01
more,339,6.36,0.0
know,334,6.1,0.0
into,324,6.11,0.0
or,288,6.54,0.01
see,255,6.1,0.02
jedi,253,3.62,0.97
so,248,6.52,0.07
by,244,6.66,0.01
kit,240,4.42,0.8
make,239,6.08,0.0
eye,238,5.02,0.0
time,225,6.29,0.0
other,222,6.16,0.0
your,220,6.53,0.01
out,217,6.38,0.0
cestus,213,1.46,0.93
now,212,6.18,0.02
back,211,6.04,0.0
might,209,5.66,0.0
up,203,6.39,0.0
will,203,6.45,0.01
when,194,6.37,0.04
who,192,6.34,0.01
take,190,5.92,0.01
trooper,189,3.42,0.02
like,188,6.41,0.01
good,186,6.12,0.04
jangotat,183,0.0,0.73
my,180,6.57,0.02
its,177,6.14,0.01
through,175,5.87,0.0
trillot,174,0.0,0.79
nate,172,3.81,0.59
than,172,6.13,0.0
down,171,5.88,0.01
some,167,6.2,0.02
hand,163,5.41,0.01
moment,161,5.24,0.01
seem,161,5.08,0.0
another,160,5.74,0.04
ask,159,5.34,0.0
before,158,5.93,0.0
just,155,6.43,0.01
well,155,6.03,0.07
go,154,6.03,0.0
even,149,5.99,0.02
only,148,6.12,0.01
duris,147,1.61,0.89
I,146,7.09,0.0
way,146,6.01,0.0
himself,143,5.25,0.0
again,141,5.7,0.03
find,141,5.76,0.01
come,140,5.78,0.01
head,139,5.51,0.05
here,137,5.97,0.0
can,136,6.46,0.0
thought,136,5.59,0.0
look,133,5.81,0.01
turn,133,5.32,0.0
two,133,6.1,0.02
ventress,132,1.86,0.83
something,129,5.81,0.05
about,128,6.4,0.0
most,125,6.0,0.0
such,125,5.84,0.02
thing,125,5.72,0.0
sheeka,124,0.0,0.74
snoil,124,0.0,0.81
own,122,5.74,0.0
few,121,5.6,0.0
yes,120,5.5,0.39
never,118,5.91,0.01
how,117,6.24,0.07
our,116,6.14,0.01
still,116,5.92,0.0
word,116,5.26,0.0
man,115,5.82,0.0
first,114,6.11,0.01
hear,114,5.23,0.01
where,114,6.0,0.04
face,112,5.45,0.0
life,112,5.89,0.0
move,110,5.35,0.0
enough,109,5.54,0.0
family,108,5.66,0.81
force,108,5.23,0.29
cave,107,4.2,0.0
five,106,5.45,0.71
perhaps,106,5.09,0.04
day,105,5.95,0.0
every,103,5.79,0.0
ship,103,4.93,0.0
droid,102,3.23,0.0
nothing,102,5.55,0.02
voice,102,5.07,0.0
want,102,6.04,0.32
speak,101,5.03,0.0
clone,100,3.68,0.1
republic,100,4.6,1.0
watch,100,5.34,0.01
any,99,6.07,0.0
little,99,5.75,0.0
master,99,4.93,0.56
after,98,6.11,0.06
long,98,5.81,0.01
sense,97,5.19,0.0
smile,95,4.64,0.0
away,94,5.62,0.0
give,94,5.71,0.0
begin,93,4.84,0.0
fisto,92,1.38,1.0
kenobi,92,2.74,0.97
use,92,5.81,0.01
general,91,5.47,0.48
against,90,5.68,0.01
almost,90,5.39,0.01
around,90,5.77,0.0
brother,89,5.11,0.18
side,89,5.5,0.0
felt,88,5.13,0.0
without,88,5.69,0.02
planet,86,4.68,0.01
right,86,5.96,0.02
mind,85,5.41,0.0
bit,84,5.37,0.0
each,84,5.69,0.0
over,84,6.08,0.0
need,83,5.97,0.01
hour,82,5.18,0.01
nod,82,3.74,0.0
people,82,6.25,0.0
place,82,5.71,0.01
stand,82,5.14,0.0
wind,82,4.84,0.78
die,80,5.07,0.0
nautolan,80,0.0,1.0
water,80,5.52,0.01
desert,79,4.4,0.78
tell,79,5.53,0.01
body,78,5.4,0.0
hive,78,3.5,0.0
room,78,5.39,0.0
zsing,78,0.0,1.0
jk,77,3.47,1.0
val,77,3.71,0.92
close,75,5.36,0.01
think,75,6.08,0.0
get,74,6.28,0.03
kind,74,5.45,0.0
power,74,5.52,0.0
try,74,5.5,0.01
behind,73,5.29,0.01
fight,73,5.23,0.0
left,73,5.62,0.01
until,73,5.61,0.0
within,73,5.44,0.0
between,72,5.77,0.0
droids,72,2.83,0.0
fizzik,72,0.0,0.67
off,72,5.93,0.0
too,72,5.95,0.0
why,71,5.93,0.1
air,70,5.37,0.0
call,70,5.51,0.03
hope,70,5.44,0.0
next,70,5.7,0.0
wall,69,5.04,0.0
minute,68,4.98,0.0
year,68,5.96,0.0
both,67,5.79,0.0
last,67,5.86,0.0
keep,66,5.66,0.02
once,66,5.53,0.03
war,66,5.46,0.24
arm,65,4.73,0.0
human,65,5.35,0.0
light,65,5.33,0.0
lightsaber,65,2.95,0.0
work,65,5.96,0.0
believe,64,5.51,0.0
child,64,5.3,0.0
entire,64,5.09,0.0
train,64,4.96,0.0
ever,63,5.66,0.0
same,63,5.8,0.0
toward,63,4.72,0.0
understand,63,5.37,0.0
quill,62,3.11,0.84
thak,62,1.58,0.74
very,62,6.0,0.03
although,61,5.3,0.07
chancellor,61,4.13,0.97
course,61,5.44,0.0
ground,61,5.15,0.0
hold,61,5.19,0.02
live,61,5.54,0.0
rock,61,5.03,0.0
woman,61,5.35,0.0
answer,60,5.17,0.0
hundred,60,4.71,0.0
order,60,5.49,0.03
system,60,5.56,0.03
small,59,5.51,0.0
sound,59,5.15,0.03
thousand,59,4.64,0.05
three,59,5.78,0.02
fear,58,4.95,0.0
new,58,6.25,0.03
which,58,6.3,0.03
world,58,5.89,0.02
female,57,5.0,0.02
line,57,5.49,0.0
meet,57,5.27,0.0
much,57,6.0,0.0
pause,57,4.0,0.0
everything,56,5.54,0.0
fire,56,5.3,0.0
many,56,5.91,0.02
second,56,5.63,0.0
beneath,55,4.24,0.02
certain,55,5.16,0.0
less,55,5.49,0.02
raise,55,4.75,0.0
security,55,5.2,0.0
control,54,5.4,0.0
energy,54,5.23,0.0
form,54,5.31,0.24
great,54,5.88,0.0
lose,54,5.08,0.0
change,53,5.54,0.02
guard,53,4.73,0.0
laugh,53,4.66,0.0
merely,53,4.37,0.0
old,53,5.75,0.02
happen,52,5.19,0.0
question,52,5.35,0.0
stop,52,5.52,0.0
wait,52,5.35,0.02
bring,51,5.27,0.0
deep,51,5.05,0.02
friend,51,5.37,0.02
male,51,4.89,0.0
may,51,5.98,0.02
wish,51,5.18,0.0
creature,50,4.16,0.0
death,50,5.4,0.02
reach,50,4.94,0.0
remember,50,5.38,0.0
trust,50,5.13,0.0
end,49,5.68,0.0
gan,49,3.07,0.0
leave,49,5.34,0.02
let,49,5.6,0.04
must,49,5.68,0.0
single,49,5.41,0.0
sir,49,5.06,0.0
action,48,5.25,0.0
along,48,5.38,0.0
capsule,48,3.7,0.0
continue,48,5.08,0.02
open,48,5.48,0.0
rest,48,5.23,0.0
return,48,5.19,0.0
car,47,5.45,0.0
different,47,5.59,0.0
feel,47,5.67,0.0
mean,47,5.53,0.0
name,47,5.61,0.02
realize,47,4.83,0.0
run,47,5.49,0.0
appear,46,4.85,0.0
count,46,4.83,0.57
far,46,5.5,0.0
land,46,5.22,0.0
shoulder,46,4.5,0.0
approach,45,4.93,0.0
follow,45,5.14,0.0
forry,45,1.18,0.8
kill,45,5.09,0.0
please,45,5.66,0.09
possible,45,5.36,0.0
become,44,5.4,0.0
enter,44,4.81,0.0
mountain,44,4.73,0.34
shadow,44,4.44,0.02
soldier,44,4.46,0.0
young,44,5.43,0.07
coruscant,43,2.22,0.98
four,43,5.53,0.09
lie,43,4.84,0.0
point,43,5.54,0.02
reply,43,4.5,0.0
should,43,5.99,0.0
yet,43,5.54,0.0
always,42,5.76,0.0
half,42,5.41,0.05
remain,42,4.83,0.0
surface,42,4.83,0.0
tull,42,2.52,0.98
allow,41,5.01,0.0
flow,41,4.68,0.07
glance,41,3.91,0.0
matter,41,5.38,0.0
offer,41,5.05,0.0
part,41,5.78,0.0
plan,41,5.29,0.0
shook,41,4.05,0.0
strong,41,5.22,0.0
themselves,41,5.16,0.0
tunnel,41,4.24,0.0
under,41,5.73,0.02
already,40,5.55,0.0
attempt,40,4.85,0.0
city,40,5.61,0.0
escape,40,4.64,0.0
finally,40,5.17,0.05
heart,40,5.31,0.0
late,40,5.34,0.05
lip,40,4.13,0.03
resta,40,2.13,0.68
strike,40,4.66,0.0
together,40,5.46,0.03
wrong,40,5.39,0.0
anything,39,5.55,0.0
battle,39,4.94,0.03
dooku,39,2.43,1.0
information,39,5.43,0.0
mouth,39,4.83,0.0
pull,39,4.82,0.0
save,39,5.14,0.03
skin,39,4.91,0.0
spider,39,4.25,0.0
trigger,39,4.25,0.0
walk,39,5.08,0.0
whisper,39,3.74,0.0
actually,38,5.49,0.0
attention,38,5.11,0.0
because,38,6.03,0.11
council,38,5.08,0.29
cybernetics,38,2.59,1.0
fall,38,5.13,0.0
roll,38,4.75,0.0
step,38,5.13,0.03
among,37,5.31,0.0
arc,37,4.21,0.73
break,37,5.18,0.0
chance,37,5.26,0.0
clear,37,5.25,0.0
foot,37,4.87,0.0
strange,37,4.64,0.05
true,37,5.4,0.11
attack,36,5.09,0.0
blast,36,4.32,0.0
catch,36,4.87,0.0
consider,36,4.99,0.0
dozen,36,4.35,0.0
dream,36,4.91,0.0
drop,36,4.99,0.0
galaxy,36,4.28,0.03
grow,36,4.9,0.0
hard,36,5.53,0.03
help,36,5.75,0.0
sand,36,4.44,0.03
scream,36,4.14,0.0
assume,35,4.57,0.0
flash,35,4.45,0.0
group,35,5.57,0.09
large,35,5.39,0.0
learn,35,5.17,0.0
level,35,5.41,0.0
pass,35,5.05,0.0
past,35,5.36,0.0
sleep,35,5.05,0.0
surprise,35,4.75,0.0
while,35,5.86,0.0
combat,34,4.56,0.0
door,34,5.08,0.0
fact,34,5.41,0.0
jango,34,2.3,0.82
note,34,5.04,0.0
obi,34,3.35,0.74
protect,34,4.92,0.0
black,33,5.46,0.0
carry,33,4.89,0.0
expect,33,5.01,0.0
finger,33,4.48,0.0
forward,33,5.12,0.0
game,33,5.72,0.0
home,33,5.81,0.0
interest,33,5.17,0.06
lean,33,4.14,0.0
plant,33,4.89,0.03
position,33,5.21,0.0
prepare,33,4.55,0.0
someone,33,5.63,0.03
star,33,5.19,0.12
struggle,33,4.62,0.0
touch,33,4.91,0.0
truth,33,5.05,0.03
upon,33,5.12,0.0
also,32,6.19,0.0
complete,32,5.1,0.0
current,32,5.27,0.0
dark,32,5.04,0.0
dead,32,5.19,0.0
easy,32,5.29,0.0
floor,32,4.94,0.0
herself,32,4.78,0.0
living,32,5.3,0.03
low,32,5.33,0.0
miner,32,3.58,0.0
motion,32,4.59,0.0
since,32,5.75,0.0
whatever,32,5.14,0.0
business,31,5.56,0.0
chikatlik,31,0.0,0.94
dashta,31,0.0,0.61
love,31,5.82,0.03
regent,31,3.45,0.74
spin,31,4.38,0.03
tentacle,31,2.67,0.0
wave,31,4.62,0.0
wonder,31,4.93,0.0
wound,31,4.24,0.0
blaster,30,3.08,0.0
dance,30,4.93,0.0
destroy,30,4.52,0.0
fate,30,4.36,0.7
notice,30,4.9,0.0
pain,30,5.03,0.0
problem,30,5.4,0.0
recruit,30,3.89,0.0
sit,30,4.9,0.0
speeder,30,2.27,0.0
barrister,29,3.37,0.31
choose,29,4.91,0.0
code,29,5.08,0.41
crawl,29,3.77,0.0
darkness,29,4.3,0.0
else,29,5.38,0.0
enjoy,29,5.09,0.0
leg,29,4.66,0.0
manage,29,4.54,0.0
mine,29,5.04,0.0
request,29,4.76,0.03
shield,29,4.3,0.0
slow,29,4.85,0.0
soon,29,5.32,0.0
swiftly,29,3.54,0.0
across,28,5.25,0.0
ago,28,5.42,0.0
arrive,28,4.38,0.0
draw,28,4.81,0.0
emerge,28,3.89,0.0
fill,28,4.64,0.0
high,28,5.75,0.0
indeed,28,4.79,0.14
itself,28,5.1,0.0
palpatine,28,2.48,0.86
pod,28,3.71,0.0
ready,28,5.28,0.0
scan,28,4.07,0.0
shar,28,2.5,1.0
thin,28,4.47,0.0
transport,28,4.68,0.0
trap,28,4.33,0.0
alarm,27,4.28,0.0
cloud,27,4.46,0.0
completely,27,5.0,0.0
direction,27,4.93,0.0
field,27,5.24,0.0
fine,27,5.23,0.0
full,27,5.54,0.0
glow,27,3.91,0.0
important,27,5.44,0.0
lead,27,5.2,0.0
mission,27,4.87,0.0
percent,27,5.04,0.0
pleasure,27,4.57,0.0
really,27,5.97,0.0
share,27,5.2,0.0
show,27,5.68,0.0
study,27,5.26,0.0
survive,27,4.52,0.0
tendril,27,2.03,0.04
able,26,5.43,0.0
anyone,26,5.38,0.0
beyond,26,4.98,0.0
blue,26,5.13,0.0
closer,26,4.73,0.0
concern,26,4.66,0.0
create,26,5.02,0.0
credit,26,5.0,0.0
damage,26,4.9,0.0
dangerous,26,4.79,0.0
either,26,5.33,0.0
experience,26,5.27,0.0
hadn,26,2.12,0.0
hide,26,4.54,0.0
instant,26,4.34,0.0
jks,26,1.77,0.92
perfect,26,5.2,0.0
red,26,5.32,0.0
spend,26,4.97,0.0
suddenly,26,4.69,0.08
vast,26,4.49,0.0
barely,25,4.49,0.0
challenge,25,4.88,0.0
clandes,25,0.0,0.92
float,25,3.94,0.0
image,25,4.94,0.0
machine,25,4.9,0.0
meter,25,4.09,0.0
narrow,25,4.39,0.0
offworlders,25,0.0,0.0
operation,25,4.92,0.0
outside,25,5.25,0.0
quite,25,5.29,0.0
rose,25,4.82,0.0
send,25,5.11,0.0
set,25,5.59,0.0
several,25,5.39,0.0
sight,25,4.54,0.0
situation,25,5.09,0.0
slowly,25,4.63,0.0
speed,25,5.0,0.0
station,25,5.01,0.0
strength,25,4.8,0.0
test,25,5.19,0.04
twist,25,4.22,0.0
above,24,5.2,0.0
alive,24,4.76,0.0
beginning,24,5.0,0.0
breath,24,4.52,0.0
camp,24,4.79,0.0
check,24,5.31,0.0
clearly,24,4.92,0.0
complex,24,4.86,0.0
contract,24,4.94,0.0
design,24,5.17,0.0
farm,24,4.75,0.0
flat,24,4.72,0.0
focus,24,5.0,0.0
fungus,24,3.53,0.0
kilometer,24,3.19,0.0
member,24,5.18,0.0
miss,24,5.22,0.0
perform,24,4.66,0.0
reason,24,5.32,0.0
sell,24,4.98,0.0
shell,24,4.39,0.0
travel,24,5.0,0.0
weapon,24,4.54,0.0
bad,23,5.53,0.0
baraka,23,2.61,0.91
bow,23,4.3,0.0
build,23,5.04,0.0
carefully,23,4.46,0.0
communication,23,4.68,0.0
conversation,23,4.75,0.0
descend,23,3.51,0.0
distance,23,4.85,0.0
exactly,23,5.15,0.0
fast,23,5.13,0.04
feeling,23,5.13,0.0
free,23,5.63,0.0
hair,23,5.08,0.0
honor,23,4.69,0.0
lethal,23,3.86,0.0
million,23,5.33,0.0
onson,23,0.0,0.96
primary,23,4.88,0.0
promise,23,4.71,0.0
report,23,5.32,0.0
series,23,5.35,0.0
shift,23,4.57,0.0
slightly,23,4.75,0.0
space,23,5.23,0.0
spit,23,3.85,0.0
stare,23,3.91,0.0
suggest,23,4.75,0.0
supreme,23,4.69,0.78
warrior,23,4.16,0.0
aware,22,4.78,0.0
blow,22,4.59,0.0
circle,22,4.55,0.0
cover,22,5.08,0.0
cut,22,5.24,0.0
emotion,22,4.19,0.0
equipment,22,4.88,0.0
exercise,22,4.68,0.0
immediately,22,4.98,0.05
mere,22,4.13,0.0
onto,22,4.77,0.0
powerful,22,4.85,0.0
remlout,22,0.0,0.77
secondary,22,4.53,0.0
shape,22,4.72,0.0
simple,22,5.08,0.0
six,22,5.29,0.0
skill,22,4.42,0.0
suppose,22,4.56,0.0
ten,22,5.05,0.05
track,22,5.02,0.0
building,21,5.29,0.0
calm,21,4.54,0.0
capture,21,4.42,0.0
choice,21,5.08,0.0
commando,21,3.31,0.38
confederacy,21,3.23,0.95
curl,21,3.52,0.0
despite,21,5.0,0.19
during,21,5.72,0.0
dust,21,4.41,0.0
ear,21,4.43,0.0
emergency,21,4.72,0.0
enemy,21,4.7,0.0
however,21,5.58,0.05
leader,21,4.95,0.0
lift,21,4.5,0.0
map,21,4.76,0.0
message,21,5.0,0.0
night,21,5.61,0.19
none,21,4.93,0.1
oh,21,5.43,0.14
path,21,4.71,0.0
personal,21,5.2,0.0
prison,21,4.8,0.0
put,21,5.66,0.0
rather,21,5.32,0.0
reveal,21,4.43,0.0
risk,21,5.05,0.0
search,21,4.96,0.0
seek,21,4.61,0.0
sensor,21,3.92,0.0
silence,21,4.46,0.0
simply,21,5.08,0.0
slight,21,4.22,0.0
smoke,21,4.67,0.0
tall,21,4.52,0.0
target,21,4.82,0.0
accept,20,4.85,0.0
blood,20,5.1,0.0
cannot,20,5.11,0.0
chamber,20,4.47,0.0
courage,20,4.32,0.0
decision,20,5.09,0.0
direct,20,4.91,0.0
doolb,20,0.0,0.7
edge,20,4.74,0.0
extend,20,4.34,0.0
finish,20,4.91,0.0
lady,20,4.95,0.55
listen,20,5.06,0.15
memory,20,4.81,0.0
neck,20,4.63,0.0
negotiation,20,3.78,0.0
original,20,5.16,0.0
pale,20,4.08,0.0
piece,20,5.04,0.0
play,20,5.61,0.05
prove,20,4.77,0.0
quiet,20,4.65,0.0
respect,20,5.03,0.0
retreat,20,4.13,0.0
serve,20,4.85,0.0
shan,20,3.25,1.0
shock,20,4.46,0.0
sigh,20,3.95,0.0
sirty,20,0.0,0.8
slip,20,4.28,0.0
spark,20,3.99,0.0
standard,20,5.03,0.0
stay,20,5.33,0.0
supply,20,4.81,0.0
support,20,5.53,0.0
talk,20,5.42,0.0
temple,20,4.45,0.85
thinke,20,1.06,0.0
ahead,19,5.01,0.0
ally,19,4.1,0.05
armor,19,3.97,0.21
ball,19,5.04,0.0
base,19,5.05,0.0
bike,19,4.53,0.0
care,19,5.56,0.0
case,19,5.55,0.0
eel,19,3.23,0.0
effect,19,5.02,0.0
expression,19,4.55,0.0
fail,19,4.61,0.0
fighter,19,4.32,0.0
front,19,5.28,0.0
guide,19,4.75,0.47
join,19,5.0,0.0
leap,19,3.94,0.0
mask,19,4.31,0.0
mistake,19,4.67,0.0
odd,19,4.42,0.0
physical,19,4.94,0.0
provide,19,5.15,0.0
ripple,19,3.41,0.0
slide,19,4.3,0.0
stretch,19,4.35,0.0
technician,19,3.7,0.0
add,18,5.09,0.0
advance,18,4.65,0.22
alone,18,5.16,0.0
army,18,5.06,0.28
asajj,18,1.21,0.61
balance,18,4.76,0.0
below,18,5.05,0.0
comfort,18,4.41,0.0
deal,18,5.32,0.0
debbikin,18,0.0,0.89
disaster,18,4.39,0.06
display,18,4.63,0.0
distant,18,4.19,0.0
facet,18,3.18,0.0
food,18,5.4,0.0
fully,18,4.89,0.0
gaze,18,3.7,0.0
grin,18,3.59,0.0
guess,18,5.17,0.0
guest,18,4.58,0.0
inside,18,5.19,0.06
instantly,18,4.23,0.06
intruder,18,3.37,0.0
limit,18,4.7,0.06
metal,18,4.82,0.0
military,18,5.2,0.0
muscle,18,4.44,0.0
music,18,5.52,0.0
near,18,5.29,0.0
opportunity,18,4.95,0.0
practice,18,5.06,0.0
recognize,18,4.52,0.0
response,18,5.03,0.0
shake,18,4.33,0.0
shelter,18,4.25,0.0
simultaneously,18,4.17,0.0
sky,18,4.72,0.0
sun,18,4.97,0.0
sure,18,5.67,0.06
teach,18,4.67,0.0
throw,18,4.83,0.0
troop,18,3.69,0.0
vippit,18,0.0,1.0
ah,17,4.63,0.29
angle,17,4.38,0.0
bolt,17,4.04,0.0
bombardment,17,3.34,0.0
cause,17,5.35,0.0
certainly,17,5.0,0.0
chest,17,4.52,0.0
commander,17,4.51,0.65
computer,17,4.97,0.0
corner,17,4.75,0.0
empty,17,4.59,0.0
excellent,17,4.73,0.18
figure,17,5.07,0.0
fly,17,4.75,0.0
gear,17,4.46,0.0
government,17,5.57,0.0
heat,17,4.86,0.0
idea,17,5.36,0.0
job,17,5.5,0.0
knee,17,4.33,0.0
lido,17,2.79,0.76
major,17,5.3,0.06
meal,17,4.48,0.0
movement,17,4.97,0.0
number,17,5.62,0.0
outer,17,4.25,0.24
por,17,3.5,1.0
purchase,17,4.71,0.0
read,17,5.54,0.0
resource,17,4.39,0.0
rhythm,17,4.05,0.0
service,17,5.49,0.0
short,17,5.33,0.0
shut,17,4.78,0.06
special,17,5.34,0.0
table,17,5.05,0.0
tear,17,4.35,0.06
though,17,5.5,0.0
unit,17,4.95,0.0
variety,17,4.75,0.0
web,17,4.74,0.0
worry,17,4.84,0.0
agree,16,4.97,0.06
area,16,5.46,0.0
arena,16,4.33,0.0
born,16,5.09,0.0
broad,16,4.53,0.0
burn,16,4.53,0.06
clan,16,3.97,0.0
command,16,4.7,0.0
contact,16,4.99,0.0
danger,16,4.59,0.0
data,16,5.34,0.06
deadly,16,4.16,0.0
difference,16,5.01,0.0
exit,16,4.35,0.0
flee,16,3.81,0.0
gleam,16,2.97,0.0
happy,16,5.35,0.0
heavy,16,4.96,0.0
hiss,16,3.05,0.0
individual,16,5.0,0.0
joke,16,4.68,0.0
lock,16,4.51,0.0
native,16,4.69,0.0
nerve,16,4.19,0.0
quietly,16,4.15,0.0
real,16,5.6,0.0
represent,16,4.58,0.0
ride,16,4.85,0.0
robe,16,3.52,0.0
safe,16,5.07,0.0
satisfy,16,3.98,0.0
secret,16,4.92,0.0
section,16,5.0,0.0
shrug,16,3.3,0.0
sink,16,4.21,0.0
sorry,16,5.18,0.0
trade,16,5.12,0.38
warning,16,4.59,0.0
willing,16,4.72,0.0
xutoo,16,0.0,0.81
activity,15,4.86,0.0
anakin,15,3.04,0.93
anticipate,15,3.73,0.0
breathing,15,4.28,0.0
brown,15,5.01,0.0
central,15,5.12,0.0
coil,15,3.73,0.0
cold,15,5.02,0.0
companion,15,4.13,0.0
cost,15,5.24,0.0
depth,15,4.55,0.0
directly,15,4.9,0.0
disturb,15,3.56,0.0
doubt,15,4.9,0.0
drive,15,5.13,0.0
effort,15,4.92,0.0
examine,15,4.18,0.0
hardly,15,4.53,0.0
hill,15,4.82,0.33
impossible,15,4.78,0.0
increase,15,5.08,0.0
instead,15,5.24,0.0
lack,15,4.92,0.0
legal,15,5.08,0.0
means,15,5.44,0.0
measure,15,4.65,0.0
offworlder,15,0.0,0.0
ordinary,15,4.42,0.0
possibility,15,4.58,0.0
presence,15,4.73,0.0
pressure,15,5.01,0.0
private,15,5.19,0.0
probably,15,5.37,0.0
push,15,4.82,0.07
rage,15,4.11,0.0
range,15,5.12,0.0
regret,15,4.37,0.0
rescue,15,4.48,0.0
respond,15,4.53,0.0
sideways,15,3.54,0.0
smell,15,4.49,0.0
start,15,5.56,0.0
story,15,5.45,0.0
taste,15,4.73,0.0
thick,15,4.46,0.0
throne,15,4.11,0.0
tremble,15,3.04,0.0
twenty,15,4.65,0.0
wear,15,4.92,0.0
whole,15,5.46,0.0
whose,15,5.07,0.13
win,15,5.39,0.0
won,15,5.2,0.0
absorb,14,3.81,0.0
accord,14,3.81,0.14
beacon,14,3.74,0.0
beautiful,14,5.22,0.0
blur,14,3.55,0.0
capable,14,4.61,0.0
ceiling,14,4.18,0.0
cestian,14,0.0,1.0
cestians,14,0.0,1.0
citizen,14,4.39,0.0
clarity,14,3.9,0.0
class,14,5.36,0.0
cloak,14,3.57,0.0
correct,14,4.79,0.0
crack,14,4.41,0.0
crash,14,4.55,0.0
crowd,14,4.7,0.0
decide,14,4.78,0.0
device,14,4.67,0.0
eat,14,5.13,0.0
entrance,14,4.39,0.0
farmer,14,4.15,0.0
forget,14,5.06,0.0
imagine,14,4.92,0.0
industrial,14,4.71,0.07
initial,14,4.72,0.0
killer,14,4.47,0.5
location,14,4.86,0.0
main,14,5.24,0.0
maneuver,14,3.53,0.0
natural,14,5.11,0.0
nor,14,4.78,0.29
ocean,14,4.7,0.0
office,14,5.4,0.0
opponent,14,4.2,0.0
ord,14,2.96,0.93
person,14,5.55,0.0
pilot,14,4.52,0.0
playe,14,1.51,0.0
present,14,5.18,0.0
process,14,5.26,0.0
produce,14,4.78,0.0
protocol,14,4.15,0.0
relax,14,4.29,0.0
require,14,4.78,0.0
result,14,5.18,0.0
safety,14,4.97,0.0
seat,14,4.82,0.0
secure,14,4.64,0.0
sensation,14,3.9,0.0
signal,14,4.62,0.0
sometimes,14,5.28,0.07
species,14,4.85,0.0
stream,14,4.62,0.0
suit,14,4.7,0.0
thank,14,5.48,0.21
transform,14,4.04,0.0
various,14,5.12,0.0
week,14,5.56,0.0
welcome,14,4.99,0.0
whether,14,5.32,0.0
wide,14,4.96,0.0
witness,14,4.52,0.0
act,13,5.3,0.0
additional,13,4.98,0.0
admit,13,4.58,0.0
anger,13,4.42,0.0
avoid,13,4.87,0.0
bent,13,3.99,0.0
blade,13,4.19,0.0
blind,13,4.52,0.0
breathe,13,4.26,0.0
brief,13,4.52,0.0
cease,13,4.03,0.0
center,13,5.19,0.0
climb,13,4.22,0.0
curse,13,4.07,0.0
dare,13,4.31,0.0
deception,13,3.65,0.62
deeply,13,4.44,0.0
destruction,13,4.36,0.0
emotional,13,4.66,0.0
endless,13,4.18,0.0
executive,13,4.87,0.08
eyestalks,13,1.27,0.0
flesh,13,4.2,0.08
gar,13,2.99,1.0
genuine,13,4.37,0.15
gift,13,4.78,0.0
glimpse,13,3.81,0.0
grip,13,4.11,0.0
handle,13,4.79,0.0
hit,13,5.37,0.0
intend,13,4.09,0.08
kibo,13,1.86,0.85
lifetime,13,4.39,0.0
lower,13,5.11,0.0
ma,13,4.63,0.08
month,13,5.25,0.0
mood,13,4.44,0.0
mushroom,13,3.63,0.0
mysterious,13,4.17,0.0
precious,13,4.33,0.0
production,13,5.14,0.0
research,13,5.39,0.0
rise,13,4.81,0.0
sabotage,13,3.62,0.0
scanner,13,3.56,0.0
song,13,5.26,0.0
sort,13,5.0,0.0
storm,13,4.66,0.0
suffer,13,4.45,0.0
survival,13,4.37,0.0
therefore,13,4.87,0.0
threaten,13,3.94,0.0
top,13,5.57,0.0
admiral,12,4.0,0.83
advantage,12,4.78,0.0
afraid,12,4.7,0.0
apparently,12,4.8,0.08
arch,12,4.02,0.0
baktoid,12,0.0,0.92
bear,12,4.71,0.0
beat,12,5.01,0.08
beauty,12,4.75,0.0
brush,12,4.23,0.0
bubble,12,4.16,0.0
captain,12,4.89,0.33
cargo,12,4.19,0.0
cavern,12,3.08,0.0
chuckle,12,3.52,0.0
conceal,12,3.52,0.0
conclude,12,3.9,0.0
confuse,12,3.67,0.0
corridor,12,3.88,0.0
crouch,12,3.26,0.0
cycle,12,4.6,0.08
desire,12,4.61,0.0
disappear,12,4.09,0.08
divide,12,4.12,0.0
dock,12,3.99,0.0
drag,12,4.29,0.0
duracrete,12,0.0,0.0
ease,12,4.34,0.0
engage,12,4.36,0.0
entirely,12,4.72,0.0
exist,12,4.73,0.0
factor,12,4.67,0.0
fatigue,12,3.86,0.0
fifty,12,4.29,0.0
flicker,12,3.1,0.0
fold,12,4.08,0.0
formal,12,4.45,0.0
formation,12,4.49,0.0
green,12,5.13,0.0
groan,12,3.12,0.08
intense,12,4.39,0.0
kick,12,4.72,0.0
knowledge,12,4.96,0.0
lake,12,4.83,0.5
lot,12,5.61,0.0
manner,12,4.55,0.0
market,12,5.29,0.0
maybe,12,5.45,0.08
nervous,12,4.42,0.0
often,12,5.41,0.0
peel,12,3.8,0.0
peer,12,4.14,0.0
perfectly,12,4.61,0.0
pick,12,5.08,0.0
plague,12,3.89,0.0
possibly,12,4.77,0.0
potential,12,5.01,0.0
project,12,5.22,0.0
purpose,12,4.88,0.0
quickly,12,5.0,0.0
rear,12,4.43,0.0
receive,12,4.85,0.0
reduce,12,4.73,0.0
reflect,12,4.39,0.0
relief,12,4.55,0.0
ring,12,4.81,0.0
round,12,5.14,0.0
seefor,12,0.0,0.67
separatist,12,3.12,1.0
similar,12,5.21,0.0
slaughter,12,3.84,0.0
snarl,12,2.62,0.0
spindragon,12,0.0,1.0
spot,12,4.89,0.0
stress,12,4.73,0.0
tactic,12,3.71,0.0
task,12,4.65,0.0
third,12,5.32,0.0
tiny,12,4.62,0.0
tumble,12,3.41,0.0
view,12,5.19,0.0
warm,12,4.71,0.0
yoda,12,3.11,0.92
amuse,11,3.12,0.0
boil,11,3.83,0.0
burst,11,4.15,0.0
chaos,11,4.27,0.09
chunk,11,3.64,0.0
cohort,11,3.4,0.0
colony,11,4.12,0.09
community,11,5.34,0.0
confine,11,2.92,0.0
confusion,11,4.19,0.27
cool,11,5.15,0.0
defense,11,4.93,0.0
determine,11,4.63,0.0
difficult,11,5.07,0.0
discover,11,4.39,0.0
drink,11,4.9,0.0
duty,11,4.71,0.0
early,11,5.43,0.0
egg,11,4.46,0.0
external,11,4.52,0.0
familiar,11,4.61,0.0
father,11,5.26,0.0
fixe,11,2.2,0.0
forth,11,4.4,0.0
future,11,5.33,0.0
golden,11,4.67,0.0
grasp,11,3.97,0.0
grid,11,4.18,0.0
hall,11,4.87,0.0
helmet,11,4.02,0.0
history,11,5.39,0.0
hole,11,4.66,0.0
hot,11,5.16,0.0
house,11,5.71,0.36
howl,11,3.18,0.0
infiltration,11,3.24,0.0
intensity,11,4.14,0.0
invisible,11,4.09,0.0
jump,11,4.69,0.0
language,11,5.1,0.0
laughter,11,4.1,0.0
mental,11,4.83,0.0
monitor,11,4.37,0.0
pair,11,4.72,0.0
palm,11,4.23,0.0
panel,11,4.55,0.0
pattern,11,4.56,0.0
peace,11,5.02,0.0
price,11,5.23,0.0
quarter,11,4.72,0.0
ramp,11,3.83,0.0
release,11,5.09,0.0
remove,11,4.71,0.0
representative,11,4.57,0.0
rifle,11,4.18,0.0
rip,11,4.26,0.0
roof,11,4.55,0.0
screen,11,4.85,0.0
serious,11,5.1,0.0
sign,11,5.08,0.0
silent,11,4.45,0.0
sister,11,4.95,0.0
slap,11,3.97,0.0
slice,11,4.0,0.0
smoking,11,4.52,0.0
somewhere,11,4.74,0.0
source,11,5.15,0.0
spy,11,4.24,0.0
stalk,11,3.46,0.0
state,11,5.78,0.18
stun,11,3.37,0.0
surround,11,3.79,0.0
sweep,11,3.97,0.0
threat,11,4.6,0.0
today,11,5.55,0.0
tooth,11,4.08,0.0
trace,11,4.19,0.0
unblinking,11,2.09,0.0
value,11,5.15,0.0
wealth,11,4.51,0.0
whom,11,4.85,0.0
accelerate,10,3.66,0.0
accompany,10,3.81,0.0
admire,10,3.97,0.0
alert,10,4.33,0.0
appreciate,10,4.74,0.0
art,10,5.29,0.0
astromech,10,1.67,0.0
automatic,10,4.36,0.1
awaken,10,3.35,0.0
band,10,4.92,0.0
bar,10,4.94,0.0
beam,10,4.14,0.0
being,10,5.95,0.0
beside,10,4.19,0.0
betray,10,3.42,0.0
birth,10,4.77,0.0
blink,10,3.73,0.0
boy,10,5.17,0.0
breed,10,4.08,0.0
broke,10,4.85,0.0
bunker,10,3.67,0.0
capital,10,5.01,0.0
chew,10,3.66,0.0
clean,10,4.97,0.0
cluster,10,3.99,0.2
collapse,10,4.18,0.0
color,10,4.91,0.0
comment,10,4.88,0.0
coordinate,10,3.82,0.0
critical,10,4.83,0.0
cry,10,4.59,0.0
defeat,10,4.51,0.0
delicate,10,4.01,0.0
discuss,10,4.66,0.0
disguise,10,3.72,0.0
durasteel,10,0.0,0.0
easily,10,4.91,0.0
echo,10,4.04,0.0
encounter,10,4.26,0.0
engineer,10,4.5,0.0
exhaust,10,3.81,0.0
expand,10,4.35,0.0
explosion,10,4.22,0.0
facility,10,4.6,0.0
finding,10,4.85,0.0
following,10,5.46,0.0
former,10,5.28,0.0
further,10,5.31,0.0
gasp,10,3.45,0.0
generation,10,4.82,0.0
gesture,10,3.9,0.0
glare,10,3.36,0.0
humanoid,10,3.1,0.0
incline,10,3.15,0.0
inner,10,4.5,0.1
insectile,10,0.0,0.0
instinct,10,3.86,0.0
involve,10,4.28,0.0
jolt,10,3.02,0.0
kamino,10,1.88,0.9
knight,10,4.28,1.0
labor,10,4.77,0.0
manipulate,10,3.69,0.0
match,10,5.13,0.0
material,10,4.95,0.0
maze,10,3.65,0.0
mining,10,4.56,0.0
negotiate,10,3.99,0.0
neither,10,4.77,0.0
network,10,5.02,0.0
option,10,4.8,0.0
ore,10,4.1,0.1
outsider,10,3.55,0.0
pace,10,4.38,0.0
pay,10,5.4,0.0
pivot,10,3.5,0.0
poor,10,5.09,0.0
precision,10,4.01,0.0
profit,10,4.7,0.0
radiation,10,4.27,0.1
repeat,10,4.49,0.0
rim,10,3.85,0.9
salute,10,3.71,0.0
scent,10,3.82,0.0
selenome,10,0.0,0.0
settle,10,4.37,0.0
sever,10,3.15,0.0
sharp,10,4.48,0.0
shuttle,10,3.9,0.0
skot,10,1.17,0.8
snap,10,4.21,0.0
social,10,5.42,0.0
soft,10,4.68,0.0
south,10,5.4,0.0
specific,10,5.03,0.0
spiral,10,3.85,0.0
structure,10,4.84,0.0
surge,10,3.82,0.0
surrender,10,4.09,0.0
survivor,10,4.0,0.0
swell,10,3.64,0.0
swift,10,4.15,0.0
terrible,10,4.71,0.0
timing,10,4.29,0.0
tread,10,3.52,0.0
trick,10,4.48,0.0
trouble,10,4.79,0.0
twelve,10,4.35,0.0
twice,10,4.84,0.0
universe,10,4.59,0.0
unknown,10,4.53,0.0
upper,10,4.72,0.0
vital,10,4.38,0.0
warn,10,4.02,0.0
weave,10,3.53,0.1
window,10,4.8,0.0
worth,10,5.16,0.0
actual,9,4.85,0.0
aggressive,9,4.32,0.0
agreement,9,4.88,0.0
atmosphere,9,4.46,0.0
backward,9,3.71,0.0
bag,9,4.79,0.0
basket,9,4.07,0.0
beard,9,4.07,0.0
belt,9,4.42,0.0
blaze,9,3.69,0.0
blend,9,3.95,0.0
bristle,9,2.75,0.0
cast,9,4.79,0.0
century,9,5.02,0.0
chair,9,4.69,0.0
channel,9,4.85,0.0
claim,9,4.95,0.0
cling,9,3.49,0.0
common,9,5.2,0.0
concentrate,9,4.07,0.0
conscious,9,4.18,0.0
core,9,4.73,0.0
craft,9,4.3,0.0
criminal,9,4.75,0.0
cruiser,9,3.52,0.0
crush,9,4.17,0.0
detect,9,4.05,0.0
dull,9,3.94,0.0
economy,9,4.87,0.0
engagement,9,4.31,0.0
enormous,9,4.25,0.0
evidence,9,5.14,0.0
except,9,5.02,0.0
excuse,9,4.56,0.0
expose,9,3.98,0.0
factory,9,4.55,0.0
favor,9,4.58,0.0
feed,9,4.67,0.0
fett,9,2.62,1.0
filter,9,4.28,0.0
fist,9,3.89,0.0
flame,9,4.07,0.0
folk,9,4.22,0.0
function,9,4.78,0.0
gain,9,4.81,0.0
growe,9,0.0,0.0
hate,9,5.11,0.0
haven,9,4.13,0.0
heal,9,4.12,0.0
instruction,9,4.14,0.0
intent,9,4.28,0.0
kidnap,9,3.48,0.11
laser,9,4.2,0.0
leverage,9,3.88,0.0
lightsabers,9,2.28,0.0
lightwhip,9,0.0,0.0
limb,9,3.7,0.0
llitishi,9,0.0,0.78
magcar,9,0.0,0.0
manufacture,9,3.98,0.11
mate,9,4.55,0.0
meat,9,4.63,0.0
model,9,5.13,0.0
momentarily,9,3.22,0.0
morning,9,5.33,0.0
multiple,9,4.92,0.0
nest,9,4.07,0.0
nexu,9,0.0,1.0
nightmare,9,4.19,0.0
north,9,5.34,0.0
obstacle,9,3.72,0.0
obvious,9,4.63,0.0
official,9,5.14,0.0
orbit,9,4.03,0.0
pad,9,4.01,0.0
panic,9,4.26,0.0
preserve,9,4.19,0.0
pretty,9,5.38,0.0
previous,9,5.0,0.0
probe,9,3.99,0.0
quiver,9,2.84,0.0
race,9,5.08,0.0
react,9,4.16,0.0
regard,9,4.36,0.0
remind,9,4.37,0.0
repair,9,4.41,0.0
resemble,9,3.73,0.0
ritual,9,4.02,0.0
river,9,5.03,0.0
route,9,4.67,0.0
rumor,9,3.73,0.0
shatter,9,3.22,0.0
size,9,5.13,0.0
sizzle,9,2.8,0.0
slam,9,4.02,0.0
slay,9,3.35,0.0
smooth,9,4.4,0.0
soil,9,4.42,0.0
somehow,9,4.53,0.11
spring,9,4.92,0.0
square,9,4.84,0.11
steady,9,4.31,0.0
steam,9,4.52,0.0
stone,9,4.8,0.0
style,9,5.11,0.0
surely,9,4.55,0.0
swirl,9,3.16,0.0
tight,9,4.57,0.0
tissue,9,4.32,0.0
tone,9,4.49,0.0
tonote,9,0.0,0.78
twin,9,4.34,0.0
twitch,9,3.76,0.0
vehicle,9,4.76,0.0
volcanic,9,3.71,0.0
waver,9,2.75,0.0
weight,9,5.02,0.0
widen,9,3.25,0.0
windu,9,2.12,1.0
zeetsa,9,0.0,1.0
access,8,5.05,0.0
age,8,5.32,0.0
analysis,8,4.91,0.0
anarchist,8,3.36,0.0
animal,8,4.81,0.0
apartment,8,4.65,0.0
approval,8,4.5,0.0
array,8,4.1,0.0
artificial,8,4.24,0.0
aside,8,4.59,0.0
aspect,8,4.41,0.0
assassin,8,3.66,0.0
assistant,8,4.72,0.0
attract,8,4.2,0.0
await,8,3.63,0.0
basic,8,4.89,0.25
belong,8,4.38,0.0
blindfold,8,2.8,0.0
block,8,4.88,0.0
blossom,8,3.62,0.0
bodyguard,8,3.38,0.0
bond,8,4.59,0.0
bone,8,4.47,0.0
bright,8,4.61,0.0
centimeter,8,2.89,0.0
childhood,8,4.51,0.0
chip,8,4.31,0.0
circuit,8,4.47,0.0
comfortable,8,4.66,0.0
commerce,8,4.37,0.0
compose,8,3.46,0.0
comprehend,8,3.7,0.0
corrupt,8,4.14,0.0
crackle,8,2.78,0.0
crease,8,3.31,0.0
ct,8,4.11,0.88
demonstration,8,4.06,0.0
destroyer,8,3.5,0.0
doubtless,8,3.09,0.0
drone,8,4.0,0.0
elbow,8,3.84,0.0
emerald,8,3.6,0.0
evade,8,3.39,0.0
event,8,5.18,0.0
explain,8,4.89,0.25
fair,8,4.99,0.12
file,8,4.75,0.0
final,8,5.28,0.0
fleshy,8,2.99,0.0
flip,8,4.2,0.0
fool,8,4.29,0.0
forest,8,4.7,0.0
galactic,8,3.49,0.0
gigantic,8,3.63,0.0
glad,8,4.9,0.0
greeting,8,3.68,0.0
healing,8,4.23,0.0
hesitate,8,3.79,0.0
hologram,8,3.11,0.0
hunch,8,3.07,0.0
hunter,8,4.37,0.0
impact,8,4.92,0.0
inevitable,8,4.08,0.0
initially,8,4.49,0.12
intelligence,8,4.7,0.12
judge,8,4.95,0.0
kiss,8,4.58,0.0
lash,8,3.38,0.0
lay,8,4.64,0.0
link,8,4.99,0.0
manufacturing,8,4.56,0.0
mark,8,5.05,0.0
mechanical,8,4.33,0.0
meditation,8,3.95,0.0
minor,8,4.62,0.0
moon,8,4.7,0.0
mount,8,4.47,0.0
murder,8,4.86,0.25
necessary,8,4.91,0.0
obey,8,3.83,0.0
obscure,8,3.85,0.0
observe,8,4.06,0.0
officer,8,5.03,0.0
pack,8,4.66,0.0
peaceful,8,4.28,0.0
polite,8,3.92,0.0
politics,8,4.87,0.0
population,8,5.01,0.0
posture,8,3.65,0.0
preparation,8,4.32,0.0
product,8,4.95,0.0
profound,8,3.94,0.0
program,8,5.27,0.0
progress,8,4.78,0.0
puff,8,3.55,0.0
pure,8,4.64,0.0
quality,8,5.11,0.0
quick,8,4.98,0.0
rain,8,4.71,0.0
rapidly,8,4.34,0.0
raw,8,4.53,0.0
recruitment,8,4.0,0.0
role,8,5.16,0.0
sac,8,3.67,0.0
sear,8,2.71,0.0
senate,8,4.8,1.0
separate,8,4.83,0.0
setting,8,4.77,0.0
shame,8,4.55,0.0
silk,8,4.11,0.0
sing,8,4.54,0.0
sled,8,3.23,0.0
snake,8,4.23,0.0
softly,8,3.77,0.0
solution,8,4.84,0.0
soul,8,4.81,0.0
spirit,8,4.79,0.0
stalactite,8,1.81,0.0
stinger,8,2.92,0.0
stir,8,3.96,0.0
superior,8,4.46,0.0
suspend,8,3.68,0.0
sweat,8,4.14,0.0
switch,8,4.6,0.0
tarl,8,1.11,0.5
tattoo,8,4.14,0.0
taxi,8,4.19,0.0
team,8,5.67,0.0
technique,8,4.47,0.0
thread,8,4.44,0.0
tongue,8,4.37,0.0
ugly,8,4.42,0.0
unable,8,4.61,0.0
uniform,8,4.33,0.0
unless,8,4.98,0.12
valuable,8,4.51,0.0
vandor,8,1.16,0.88
wash,8,4.46,0.0
white,8,5.51,0.0
wipe,8,4.01,0.0
a-nine-eight,7,4.64,0.71
ability,7,4.96,0.0
accurate,7,4.57,0.0
adjust,7,4.07,0.0
adversary,7,3.29,0.0
affair,7,4.3,0.0
alien,7,4.29,0.0
ambassador,7,4.35,0.0
apparent,7,4.32,0.0
approve,7,4.08,0.0
arrival,7,4.44,0.0
assignment,7,4.18,0.0
attendant,7,3.6,0.0
bantha,7,1.56,0.0
barrel,7,4.17,0.0
batter,7,3.56,0.0
bed,7,5.07,0.0
bi-want,7,4.04,0.0
bound,7,4.46,0.0
bounty,7,3.74,0.0
briefing,7,3.74,0.0
brood,7,3.25,0.0
bruise,7,3.18,0.0
burning,7,4.5,0.0
cart,7,3.98,0.0
charge,7,5.02,0.0
churn,7,3.07,0.0
civilian,7,4.23,0.0
cleft,7,2.94,1.0
cloth,7,4.03,0.0
combine,7,4.13,0.0
comlink,7,1.21,0.0
condition,7,4.86,0.0
consciousness,7,4.13,0.0
construct,7,3.98,0.0
cower,7,2.55,0.0
creep,7,3.84,0.0
cross,7,5.0,0.0
crystal,7,4.4,0.0
curiosity,7,3.97,0.14
curve,7,4.14,0.0
dash,7,4.0,0.0
defensive,7,4.38,0.0
desperate,7,4.32,0.0
distress,7,3.95,0.0
document,7,4.5,0.0
drawing,7,4.58,0.0
drill,7,4.09,0.0
driver,7,4.75,0.0
due,7,5.35,0.0
economic,7,5.1,0.0
efficiency,7,4.38,0.0
ensure,7,4.7,0.0
equal,7,4.65,0.0
evaluate,7,4.01,0.0
exchange,7,4.85,0.0
explode,7,3.8,0.0
explosive,7,3.97,0.0
eyebrow,7,3.37,0.0
false,7,4.63,0.0
fashion,7,4.82,0.0
fault,7,4.64,0.0
fit,7,4.95,0.0
flare,7,3.64,0.0
flinch,7,2.92,0.0
fluid,7,4.22,0.0
foam,7,3.78,0.0
foolish,7,3.89,0.14
forscan,7,0.0,0.86
freeze,7,4.11,0.0
frown,7,3.26,0.0
fruit,7,4.57,0.0
fur,7,4.03,0.0
gamble,7,3.79,0.0
gather,7,4.24,0.0
gathering,7,4.25,0.0
gentle,7,4.17,0.0
gently,7,4.08,0.0
glide,7,3.33,0.0
glory,7,4.36,0.0
grab,7,4.52,0.0
grand,7,4.91,0.86
grateful,7,4.35,0.0
harm,7,4.47,0.0
heading,7,4.48,0.0
hers,7,3.97,0.0
horizon,7,4.07,0.0
hover,7,3.26,0.0
huge,7,5.06,0.0
ignore,7,4.48,0.0
immense,7,3.88,0.0
impressive,7,4.47,0.0
include,7,5.21,0.0
indicate,7,4.35,0.0
inhale,7,3.25,0.0
injury,7,4.74,0.0
intention,7,4.33,0.0
kidnapper,7,2.77,0.0
knot,7,3.72,0.0
layer,7,4.4,0.0
leadership,7,4.77,0.0
lesson,7,4.47,0.0
lord,7,5.1,0.43
luxury,7,4.35,0.0
medical,7,5.16,0.0
middle,7,5.18,0.0
mithail,7,0.0,0.86
modify,7,3.79,0.0
murmur,7,2.92,0.0
mutter,7,2.77,0.0
myself,7,5.31,0.0
nature,7,4.98,0.0
nearly,7,5.0,0.14
object,7,4.56,0.0
obligation,7,4.07,0.0
obtain,7,4.4,0.0
occasion,7,4.38,0.0
oddly,7,3.56,0.0
overhead,7,3.93,0.0
painful,7,4.32,0.0
permission,7,4.5,0.0
pipe,7,4.25,0.0
politician,7,4.16,0.0
predator,7,3.71,0.0
press,7,5.16,0.0
prey,7,3.98,0.0
proper,7,4.72,0.0
pulse,7,4.06,0.0
rag,7,3.55,0.0
raid,7,4.19,0.0
random,7,4.58,0.57
rarely,7,4.42,0.0
recent,7,5.04,0.0
refuse,7,4.39,0.0
relieve,7,3.77,0.0
replace,7,4.58,0.0
resist,7,4.2,0.0
resolve,7,4.17,0.0
respectful,7,3.71,0.0
rib,7,3.59,0.0
rough,7,4.49,0.0
rush,7,4.48,0.0
scatter,7,3.39,0.0
sea,7,5.06,0.0
sequence,7,4.35,0.0
shadowy,7,3.24,0.0
shiver,7,3.05,0.0
shudder,7,3.11,0.0
silently,7,3.58,0.0
singe,7,2.43,0.0
slender,7,3.59,0.0
snort,7,3.01,0.0
split,7,4.65,0.0
sport,7,4.73,0.0
strangely,7,3.67,0.29
street,7,5.28,0.0
stubby,7,2.69,0.0
subterranean,7,3.11,0.0
sudden,7,4.4,0.0
swarm,7,3.44,0.0
sweet,7,4.91,0.0
swim,7,4.21,0.0
swoop,7,3.2,0.0
tap,7,4.28,0.0
term,7,5.23,0.0
terrify,7,2.8,0.0
thirty,7,4.38,0.0
throat,7,4.3,0.0
thrust,7,3.86,0.0
tide,7,4.05,0.14
tie,7,4.51,0.0
tighten,7,3.51,0.0
tip,7,4.55,0.0
tire,7,4.02,0.0
tonight,7,5.03,0.0
tough,7,4.77,0.0
trail,7,4.45,0.0
transition,7,4.46,0.0
tube,7,4.36,0.0
uncomfortable,7,4.19,0.0
unique,7,4.75,0.0
usual,7,4.62,0.0
utterly,7,4.02,0.0
victory,7,4.73,0.0
visitor,7,4.01,0.0
wander,7,3.67,0.0
wet,7,4.54,0.0
worker,7,4.43,0.0
yellow,7,4.69,0.0
yourself,7,5.31,0.0
Barnes,6,3.94,1.0
abandon,6,4.02,0.0
aboriginal,6,3.78,0.0
acceleration,6,3.73,0.0
accident,6,4.71,0.0
address,6,4.91,0.0
admirable,6,3.48,0.0
amount,6,5.13,0.0
ancient,6,4.68,0.0
anselm,6,2.64,1.0
argue,6,4.46,0.0
assemble,6,3.64,0.0
audience,6,4.73,0.0
barracks,6,3.67,0.0
beach,6,4.92,0.0
belly,6,4.1,0.0
big,6,5.67,0.0
bottom,6,4.84,0.0
boulder,6,3.71,0.0
breach,6,4.13,0.0
briefly,6,4.22,0.0
burden,6,4.23,0.0
burrow,6,3.1,0.0
caravan,6,3.62,0.0
cell,6,4.87,0.0
cheer,6,4.06,0.0
civilization,6,4.01,0.0
cock,6,4.23,0.0
collect,6,4.37,0.0
company,6,5.6,0.0
conduct,6,4.52,0.0
confidence,6,4.65,0.0
conflict,6,4.64,0.0
connect,6,4.38,0.0
cousin,6,4.41,0.0
coward,6,3.67,0.0
cripple,6,3.22,0.0
dashtas,6,0.0,0.0
debt,6,4.69,0.0
deepen,6,3.19,0.0
deflect,6,3.17,0.0
descent,6,3.93,0.0
detail,6,4.57,0.17
dig,6,4.22,0.0
dim,6,3.62,0.0
diplomacy,6,3.71,0.0
diplomatic,6,4.11,0.0
discussion,6,4.71,0.0
disk,6,4.01,0.0
disrupt,6,3.59,0.0
dome,6,3.9,0.0
drift,6,3.82,0.0
drug,6,4.87,0.0
eight,6,5.02,0.33
elaborate,6,4.06,0.0
engine,6,4.84,0.0
entertainment,6,4.6,0.0
especially,6,5.21,0.0
everyone,6,5.47,0.0
exhale,6,3.11,0.0
expensive,6,4.69,0.0
fade,6,3.86,0.0
fatality,6,3.16,0.0
fifteen,6,4.14,0.0
flex,6,3.73,0.0
flexible,6,4.13,0.0
flood,6,4.34,0.0
flutter,6,3.06,0.0
forever,6,4.74,0.0
forty,6,4.2,0.33
gangster,6,3.55,0.0
genetic,6,4.34,0.0
glee,6,3.49,1.0
glitter,6,3.56,0.0
good-bye,6,4.38,0.0
gritt,6,0.0,0.67
gruelling,6,2.51,0.0
heel,6,3.84,0.0
height,6,4.53,0.0
highly,6,4.89,0.0
hip,6,4.46,0.0
host,6,4.77,0.0
ice,6,5.0,0.0
identical,6,4.21,0.0
implication,6,3.56,0.0
infant,6,3.99,0.0
influence,6,4.78,0.0
inform,6,4.15,0.0
innocent,6,4.45,0.0
instrument,6,4.26,0.0
interaction,6,4.29,0.0
interior,6,4.55,0.0
invite,6,4.3,0.17
joy,6,4.55,0.0
judder,6,1.64,0.0
lightning,6,4.22,0.0
load,6,4.58,0.0
loneliness,6,3.65,0.0
loss,6,5.07,0.0
lure,6,3.67,0.0
maintain,6,4.65,0.0
medicine,6,4.73,0.0
meld,6,2.72,0.0
melt,6,3.96,0.0
metallic,6,3.82,0.0
mirror,6,4.47,0.0
mon,6,3.86,0.83
mother,6,5.24,0.0
motivation,6,4.22,0.0
newcomer,6,3.4,0.0
news,6,5.44,0.0
nonsentient,6,0.0,0.0
nose,6,4.51,0.0
nutrient,6,3.51,0.0
occur,6,4.47,0.0
offend,6,3.57,0.0
organize,6,3.98,0.0
outlying,6,3.07,0.0
pardon,6,3.82,0.0
payment,6,4.66,0.0
per,6,5.45,0.0
performance,6,5.16,0.0
pity,6,3.98,0.0
plastine,6,0.0,0.0
pool,6,4.67,0.0
primitive,6,3.8,0.0
priority,6,4.41,0.0
proceed,6,4.18,0.0
programme,6,4.57,0.0
protection,6,4.85,0.0
quadrant,6,3.28,0.0
radiate,6,2.96,0.0
rare,6,4.77,0.0
rate,6,5.14,0.0
recon,6,3.24,0.83
relationship,6,5.15,0.0
render,6,3.78,0.0
repress,6,2.82,0.0
reputation,6,4.47,0.0
responsibility,6,4.75,0.0
risky,6,3.94,0.0
sales,6,5.02,0.0
satellite,6,4.33,0.0
scar,6,3.77,0.0
scramble,6,3.39,0.0
scratch,6,4.16,0.17
seal,6,4.3,0.0
segment,6,4.26,0.0
sensitivity,6,3.95,0.0
sentient,6,3.12,0.0
shall,6,5.03,0.0
shallow,6,4.04,0.0
shine,6,4.17,0.0
shower,6,4.5,0.0
slumber,6,3.2,0.0
smash,6,4.09,0.0
smoothly,6,3.68,0.0
son,6,5.28,0.0
speculation,6,3.99,0.0
speech,6,4.85,0.0
splash,6,3.85,0.0
spread,6,4.81,0.0
squeeze,6,3.94,0.0
stake,6,4.15,0.0
stance,6,4.05,0.0
status,6,4.87,0.0
steven,6,4.24,1.0
stick,6,4.76,0.0
stomach,6,4.42,0.0
straight,6,5.04,0.0
strap,6,3.79,0.0
tax,6,5.14,0.0
technology,6,5.09,0.0
texture,6,3.93,0.0
thorax,6,2.88,0.0
tightly,6,3.76,0.0
tingle,6,2.86,0.0
toss,6,3.91,0.0
treat,6,4.75,0.0
treaty,6,4.31,0.0
tune,6,4.27,0.0
turbolift,6,1.48,0.0
type,6,5.27,0.0
typical,6,4.59,0.0
ultimately,6,4.57,0.0
unarm,6,0.0,0.0
uncertain,6,3.99,0.0
underground,6,4.32,0.0
urge,6,4.11,0.0
violent,6,4.46,0.0
vision,6,4.63,0.0
visit,6,5.04,0.0
wake,6,4.76,0.0
warmth,6,3.8,0.0
wealthy,6,4.21,0.0
whip,6,4.01,0.0
wince,6,2.61,0.0
worthy,6,4.29,0.0
wroonian,6,0.0,1.0
zantay,6,0.0,1.0
zip,6,3.87,0.0
absolutely,5,4.98,0.2
absurd,5,3.95,0.0
acid,5,4.45,0.0
adapt,5,3.98,0.0
adventure,5,4.46,0.0
aggression,5,3.9,0.0
alderaan,5,2.2,1.0
alignment,5,3.78,0.0
ancestor,5,3.49,0.0
appetite,5,3.87,0.0
aquifer,5,2.9,0.0
arachnid,5,2.31,0.0
armament,5,3.04,0.0
assist,5,4.42,0.0
assure,5,4.06,0.0
attach,5,3.75,0.0
attend,5,4.55,0.0
automatically,5,4.52,0.0
available,5,5.28,0.0
backup,5,4.21,0.0
badly,5,4.44,0.0
bargaining,5,3.64,0.0
beg,5,4.05,0.0
billow,5,2.12,0.0
bird,5,4.63,0.0
bleep,5,3.08,0.0
bore,5,3.93,0.0
box,5,5.04,0.0
brace,5,3.72,0.0
broadcast,5,4.39,0.0
bump,5,3.98,0.0
button,5,4.56,0.0
buy,5,5.32,0.0
buzz,5,4.05,0.0
calamari,5,2.57,1.0
camaraderie,5,2.99,0.0
cannon,5,4.02,0.0
captive,5,3.7,0.0
carve,5,3.41,0.0
cascade,5,3.47,0.0
celebration,5,4.29,0.0
checklist,5,3.45,0.0
chin,5,4.0,0.0
chitlik,5,0.0,0.0
chitliks,5,0.0,0.0
cloners,5,1.08,0.0
closely,5,4.53,0.0
communal,5,3.68,0.0
comparison,5,4.51,0.0
compromise,5,4.15,0.0
comrade,5,3.55,0.0
connection,5,4.76,0.0
constant,5,4.54,0.0
contain,5,4.5,0.0
contemplate,5,3.41,0.0
courageous,5,3.59,0.0
crave,5,3.47,0.0
crucial,5,4.28,0.0
cubicle,5,3.07,0.0
cue,5,3.75,0.0
cup,5,5.11,0.0
darken,5,2.88,0.0
dawn,5,4.27,0.0
decade,5,4.52,0.0
decline,5,4.4,0.0
define,5,4.31,0.0
degree,5,4.94,0.0
deliberately,5,4.02,0.0
delight,5,3.97,0.0
den,5,4.01,0.0
dense,5,3.98,0.0
deny,5,4.34,0.0
designate,5,3.37,0.0
destination,5,4.24,0.0
dine,5,3.49,0.0
disable,5,3.52,0.0
discipline,5,4.23,0.0
disobey,5,2.83,0.0
dissolve,5,3.49,0.0
distraction,5,3.78,0.0
dive,5,4.12,0.0
dominate,5,3.87,0.0
doorway,5,3.51,0.0
drain,5,4.07,0.0
dress,5,4.76,0.0
dry,5,4.74,0.0
environment,5,4.87,0.0
erupt,5,2.97,0.0
establish,5,4.46,0.0
estimate,5,4.29,0.0
evasive,5,3.04,0.0
evening,5,4.86,0.0
eventually,5,4.88,0.0
everywhere,5,4.66,0.0
excitement,5,4.19,0.0
existence,5,4.55,0.0
exotic,5,3.91,0.0
explanation,5,4.44,0.0
exploit,5,3.83,0.0
extreme,5,4.6,0.0
failure,5,4.72,0.0
fairly,5,4.5,0.0
feint,5,2.52,0.0
fever,5,4.22,0.0
firm,5,4.79,0.0
flight,5,4.86,0.0
fraction,5,3.96,0.0
fragile,5,3.86,0.0
frame,5,4.58,0.0
fresh,5,4.83,0.0
frighten,5,3.08,0.0
gang,5,4.5,0.0
generate,5,4.22,0.0
generous,5,4.2,0.0
geonosis,5,1.84,1.0
giant,5,4.62,0.0
goodness,5,4.13,0.2
graceful,5,3.39,0.0
gray,5,4.45,0.0
gush,5,2.83,0.0
hail,5,3.92,0.0
halfway,5,4.06,0.0
hallway,5,3.72,0.0
handful,5,4.11,0.0
hang,5,4.6,0.0
holovid,5,0.0,0.0
honeycomb,5,2.94,0.0
hop,5,4.4,0.0
hotel,5,4.95,0.0
hug,5,4.09,0.0
hum,5,3.59,0.0
hurt,5,4.94,0.0
husband,5,5.0,0.0
hutta,5,1.06,1.0
identify,5,4.56,0.0
identity,5,4.65,0.0
immerse,5,2.94,0.0
implement,5,4.2,0.0
impossibly,5,2.97,0.0
impress,5,3.93,0.0
inevitably,5,3.9,0.0
insist,5,4.03,0.0
intercept,5,3.57,0.0
intimidate,5,3.31,0.0
intrigue,5,3.36,0.0
intuition,5,3.54,0.0
issue,5,5.23,0.0
journey,5,4.65,0.0
kista,5,1.36,0.0
lair,5,3.23,0.0
length,5,4.77,0.0
list,5,5.28,0.0
local,5,5.43,0.0
lurk,5,3.1,0.0
martial,5,4.06,0.0
mess,5,4.57,0.0
midst,5,3.89,0.0
mighty,5,4.1,0.0
millennium,5,3.7,0.0
money,5,5.64,0.0
motionless,5,2.97,0.0
nal,5,2.54,1.0
negative,5,4.79,0.4
nonetheless,5,4.04,0.2
normal,5,5.01,0.0
numb,5,3.53,0.0
obi-wan,5,3.22,0.8
occupy,5,3.93,0.0
ordinarily,5,3.26,0.2
owe,5,4.13,0.0
padawan,5,2.36,1.0
passenger,5,4.38,0.0
patch,5,4.2,0.0
peak,5,4.53,0.0
plunge,5,3.49,0.0
politely,5,3.47,0.0
political,5,5.29,0.0
pore,5,3.28,0.0
precise,5,4.13,0.0
preferr,5,0.0,0.0
pretend,5,4.33,0.0
prevent,5,4.79,0.0
pride,5,4.49,0.0
prisoner,5,4.2,0.0
processor,5,3.87,0.0
proclaim,5,3.27,0.0
professional,5,5.05,0.0
programming,5,4.37,0.0
prospect,5,4.13,0.0
proud,5,4.78,0.0
proximity,5,3.88,0.0
purification,5,3.29,0.0
pursue,5,4.26,0.0
pursuit,5,4.12,0.0
reality,5,4.89,0.0
recently,5,5.02,0.0
regain,5,3.73,0.0
remains,5,4.8,0.0
repay,5,3.66,0.0
repulsors,5,1.29,0.0
reserve,5,4.6,0.2
rich,5,4.91,0.0
ridge,5,4.12,0.0
rotate,5,3.58,0.0
rule,5,4.94,0.0
ruler,5,3.84,0.0
sack,5,3.91,0.0
safely,5,4.22,0.0
sale,5,4.99,0.0
scald,5,2.17,0.0
scalp,5,3.48,0.0
sensitive,5,4.46,0.0
sergeant,5,4.11,0.4
sharply,5,3.89,0.0
sheet,5,4.4,0.0
shot,5,5.22,0.0
shout,5,4.06,0.0
shriek,5,2.76,0.0
silver,5,4.81,0.0
site,5,5.22,0.0
slit,5,3.47,0.0
sniff,5,3.44,0.0
sober,5,3.94,0.0
soften,5,3.36,0.0
solid,5,4.73,0.0
sop,5,2.87,0.0
sour,5,3.88,0.0
spare,5,4.28,0.0
sparkle,5,3.38,0.0
spice,5,3.94,0.0
spine,5,3.93,0.0
straighten,5,3.27,0.0
stray,5,3.74,0.0
streak,5,4.06,0.0
stride,5,3.43,0.0
subject,5,4.96,0.0
succeed,5,4.29,0.0
sufficient,5,4.32,0.0
summon,5,3.55,0.0
suspect,5,4.51,0.0
swear,5,4.51,0.0
swing,5,4.34,0.0
temperature,5,4.64,0.0
temporarily,5,4.06,0.0
temporary,5,4.48,0.0
tension,5,4.22,0.0
thanks,5,5.43,0.2
theory,5,4.88,0.0
throughout,5,4.99,0.0
tilt,5,3.66,0.0
tool,5,4.56,0.0
total,5,5.21,0.0
tower,5,4.5,0.0
toy,5,4.3,0.0
trickle,5,3.25,0.0
triumph,5,3.96,0.0
underestimate,5,3.69,0.0
uneven,5,3.55,0.0
unpleasant,5,3.8,0.0
useful,5,4.72,0.0
vi,5,4.09,1.0
village,5,4.82,0.0
visual,5,4.5,0.0
weaken,5,3.49,0.0
weakness,5,4.19,0.0
welfare,5,4.43,0.0
wheel,5,4.5,0.0
whirl,5,2.96,0.0
wield,5,3.21,0.0
wing,5,4.61,0.0
withdraw,5,4.05,0.0
workshop,5,4.15,0.6
wrap,5,4.2,0.0
yield,5,4.16,0.0
aboard,4,4.14,0.0
absolute,4,4.54,0.0
accomplish,4,4.05,0.0
adjustment,4,3.88,0.0
afford,4,4.57,0.0
agent,4,4.81,0.0
alcove,4,2.62,0.0
aloud,4,3.51,0.0
alternative,4,4.71,0.0
amazement,4,3.0,0.0
amazing,4,5.1,0.0
amusement,4,3.74,0.0
angry,4,4.66,0.0
apart,4,4.78,0.0
appearance,4,4.69,0.0
applaud,4,3.46,0.0
application,4,4.86,0.0
armored,4,3.62,0.0
arrangement,4,4.25,0.0
assault,4,4.44,0.0
assumption,4,4.07,0.0
attacker,4,3.59,0.0
avert,4,3.14,0.0
awareness,4,4.44,0.0
baffle,4,2.72,0.0
bank,4,5.16,0.0
bare,4,4.18,0.0
barren,4,3.4,0.25
bask,4,2.93,0.0
battlefield,4,3.93,0.0
berth,4,3.44,0.0
billion,4,4.75,0.0
board,4,5.24,0.0
boast,4,3.51,0.0
bob,4,4.63,0.0
bottle,4,4.57,0.0
bounce,4,4.02,0.0
brain,4,4.94,0.0
branch,4,4.58,0.0
bread,4,4.5,0.0
breeding,4,4.08,0.0
bridge,4,4.77,0.0
brilliant,4,4.55,0.0
bunk,4,3.45,0.0
bustle,4,2.98,0.0
busy,4,4.75,0.0
caiza,4,0.0,0.75
cantina,4,2.68,0.0
capacity,4,4.71,0.0
careful,4,4.59,0.0
casing,4,3.35,0.0
casual,4,4.23,0.0
celebrate,4,4.49,0.0
chatter,4,3.38,0.0
chippie,4,1.71,0.75
chit,4,3.01,0.0
clap,4,3.54,0.0
clash,4,3.97,0.0
closing,4,4.46,0.0
clutch,4,3.88,0.0
cocoon,4,3.08,0.0
combination,4,4.61,0.0
commence,4,3.59,0.0
competition,4,4.91,0.0
confer,4,3.19,0.0
confident,4,4.43,0.0
confirm,4,4.4,0.0
consideration,4,4.28,0.0
consult,4,3.87,0.0
contempt,4,3.74,0.0
convert,4,4.11,0.0
convince,4,4.26,0.0
countless,4,3.96,0.0
couple,4,5.19,0.0
court,4,5.41,0.25
curious,4,4.45,0.0
curtain,4,3.86,0.0
datapad,4,1.1,0.0
decadent,4,3.04,0.0
decrease,4,4.17,0.0
defend,4,4.47,0.0
definition,4,4.58,0.0
delicious,4,4.34,0.0
demand,4,4.84,0.0
demonstrate,4,4.2,0.0
departure,4,4.22,0.0
desirable,4,3.85,0.0
desolate,4,3.17,0.0
despair,4,3.82,0.0
destiny,4,4.19,0.0
devastate,4,2.62,0.0
diplomat,4,3.69,0.0
dirt,4,4.24,0.0
disarm,4,3.21,0.0
disbelief,4,3.43,0.0
discovery,4,4.45,0.0
disengage,4,2.9,0.0
dismay,4,3.26,0.0
doff,4,2.11,0.0
double,4,5.01,0.0
dusty,4,3.67,0.0
eagerly,4,3.49,0.0
east,4,5.16,0.0
eh,4,4.26,0.0
eight-leg,4,4.5,0.0
eighteen,4,3.81,0.0
elder,4,4.06,0.0
elegant,4,3.95,0.0
elude,4,2.78,0.0
emit,4,3.25,0.0
emphasize,4,3.69,0.0
employee,4,4.5,0.0
erect,4,3.52,0.0
error,4,4.55,0.0
escort,4,4.0,0.0
evasion,4,3.41,0.0
example,4,5.27,0.0
exasperation,4,2.64,0.0
exhalation,4,2.39,0.0
expanse,4,3.2,0.0
extinguish,4,3.04,0.0
extract,4,4.02,0.0
fabrication,4,3.48,0.0
fancy,4,4.35,0.0
fantazi,4,0.0,0.0
federation,4,4.26,1.0
ferociously,4,2.46,0.0
fidget,4,2.59,0.0
fierce,4,3.92,0.0
fiercely,4,3.35,0.0
filian,4,0.0,1.0
film,4,5.2,0.0
flank,4,3.64,0.0
fleet,4,4.33,0.0
flush,4,3.8,0.0
forbid,4,3.66,0.0
fore,4,3.52,0.25
forearm,4,3.28,0.0
formidable,4,3.65,0.0
fortune,4,4.3,0.0
freely,4,4.07,0.0
fry,4,3.89,0.0
fuel,4,4.72,0.0
fun,4,5.3,0.0
gabonna,4,0.0,1.0
gender,4,4.59,0.0
genuinely,4,4.1,0.0
glassy,4,2.78,0.0
glisten,4,2.25,0.0
gold,4,5.17,0.0
grace,4,4.56,0.25
greatly,4,4.33,0.0
grim,4,3.69,0.0
grind,4,3.94,0.0
growl,4,3.14,0.0
grunt,4,3.15,0.0
guy,4,5.4,0.0
hardware,4,4.3,0.0
hatred,4,4.05,0.0
heap,4,3.59,0.0
heartbeat,4,3.67,0.0
holo,4,2.81,0.0
homeworld,4,2.75,0.0
honest,4,4.73,0.0
honestly,4,4.69,0.0
hostage,4,3.9,0.0
housing,4,4.77,0.0
hull,4,4.06,0.0
hunger,4,4.1,0.0
hungry,4,4.45,0.0
hunt,4,4.49,0.0
illegal,4,4.68,0.0
immigrant,4,4.04,0.0
impassive,4,2.32,0.0
imply,4,3.83,0.0
import,4,4.1,0.0
indulge,4,3.54,0.0
infancy,4,3.38,0.0
inquire,4,3.38,0.0
insult,4,3.99,0.0
interfere,4,3.88,0.0
internal,4,4.66,0.0
interrupt,4,3.61,0.0
interstellar,4,3.34,0.0
intuit,4,2.49,0.0
iris,4,3.76,0.0
isolate,4,3.6,0.0
janu,4,2.06,1.0
jaw,4,3.98,0.0
joint,4,4.71,0.0
kaminoan,4,0.0,1.0
klicks,4,1.39,0.0
knock,4,4.35,0.0
lava,4,3.73,0.0
license,4,4.52,0.0
lid,4,3.81,0.0
life-form,4,5.21,0.0
likely,4,5.2,0.0
locate,4,3.94,0.0
loud,4,4.53,0.0
lovely,4,4.74,0.0
luck,4,4.91,0.25
luggage,4,3.8,0.0
lunge,4,2.85,0.0
manifest,4,3.68,0.0
manual,4,4.32,0.0
manufacturer,4,4.21,0.0
march,4,5.26,0.0
marketing,4,4.78,0.0
massive,4,4.72,0.0
melody,4,3.81,0.0
mention,4,4.73,0.0
merchant,4,4.08,0.0
minimal,4,4.11,0.0
miserable,4,4.07,0.0
missile,4,4.14,0.0
mock,4,3.85,0.0
mockery,4,3.29,0.0
moist,4,3.69,0.0
mortal,4,3.86,0.0
musician,4,4.01,0.0
naboo,4,2.32,1.0
narec,4,0.0,1.0
naturally,4,4.48,0.25
nervously,4,3.27,0.0
net,4,4.76,0.0
neutral,4,4.24,0.0
node,4,3.88,0.0
objective,4,4.36,0.0
observation,4,4.13,0.0
occasionally,4,4.39,0.0
ordnance,4,3.37,0.0
organic,4,4.4,0.0
outcome,4,4.35,0.0
outline,4,3.92,0.0
outskirts,4,3.56,0.0
outstretch,4,0.0,0.0
oval,4,3.98,0.0
overall,4,4.9,0.0
overhang,4,2.79,0.0
overthrow,4,3.61,0.0
overwhelm,4,3.15,0.0
overwhelming,4,4.08,0.0
paint,4,4.52,0.0
parent,4,4.57,0.0
passageway,4,2.88,0.0
penetrate,4,3.55,0.0
perimeter,4,3.68,0.0
period,4,5.21,0.0
personally,4,4.57,0.0
pet,4,4.45,0.0
phantom,4,3.78,0.0
pheromone,4,2.71,0.0
picture,4,5.13,0.0
piercing,4,3.57,0.0
pin,4,4.28,0.0
pit,4,4.27,0.0
plain,4,4.43,0.0
planetary,4,3.56,0.0
pleasantly,4,3.35,0.0
poison,4,4.08,0.0
polish,4,4.29,0.0
post,4,5.43,0.0
pray,4,4.4,0.0
precisely,4,4.2,0.0
prior,4,4.85,0.0
profile,4,4.82,0.0
public,4,5.57,0.0
radiance,4,3.04,0.0
rank,4,4.44,0.0
rapid,4,4.38,0.0
ration,4,3.17,0.0
ray,4,4.69,0.0
reaction,4,4.73,0.0
rebreather,4,1.86,0.0
record,4,5.21,0.0
reel,4,3.68,0.75
reference,4,4.74,0.0
refinery,4,3.49,0.0
regardless,4,4.48,0.25
region,4,5.0,0.0
regulation,4,4.38,0.0
relate,4,4.24,0.0
relatively,4,4.66,0.0
relish,4,3.32,0.0
renew,4,3.73,0.0
repulsor,4,1.64,0.0
resolution,4,4.59,0.0
resort,4,4.37,0.0
responsible,4,4.88,0.0
retire,4,4.05,0.0
reward,4,4.33,0.0
row,4,4.6,0.0
rucksack,4,2.64,0.0
rupture,4,3.28,0.0
sacrifice,4,4.29,0.0
scale,4,4.83,0.0
sector,4,4.66,0.0
seed,4,4.37,0.0
seethe,4,2.18,0.0
select,4,4.45,0.0
sharpen,4,3.15,0.0
shimmer,4,2.98,0.0
shortly,4,4.47,0.0
shouldn,4,2.33,0.0
shuffle,4,3.49,0.0
silhouette,4,3.31,0.0
simplicity,4,3.77,0.0
siren,4,3.46,0.0
sitting,4,4.86,0.0
slippery,4,3.61,0.0
slump,4,3.36,0.0
sneer,4,2.7,0.0
soar,4,3.39,0.0
somewhat,4,4.55,0.0
southeast,4,4.15,0.0
spaceport,4,2.52,0.25
specialize,4,3.28,0.0
splinter,4,3.28,0.0
spray,4,4.18,0.0
stagger,4,2.82,0.0
starve,4,3.52,0.0
strain,4,4.15,0.0
strand,4,3.68,0.0
strive,4,3.72,0.0
stumble,4,3.42,0.0
subtle,4,4.08,0.0
successful,4,4.94,0.0
suck,4,4.42,0.0
suffice,4,3.46,0.0
suite,4,4.18,0.0
supercruiser,4,0.0,0.0
surprisingly,4,4.09,0.0
sympathetic,4,3.81,0.0
tactical,4,3.97,0.0
tech,4,4.69,0.0
technically,4,4.1,0.25
thrash,4,3.15,0.0
thug,4,3.48,0.0
tradition,4,4.5,0.0
traitor,4,3.69,0.0
ultimate,4,4.53,0.0
unconscious,4,3.94,0.0
uneasy,4,3.45,0.0
unfamiliar,4,3.62,0.0
unity,4,4.22,0.0
unlike,4,4.57,0.0
unpredictable,4,3.68,0.0
utility,4,4.27,0.0
variation,4,4.08,0.0
vein,4,3.77,0.0
venom,4,3.57,0.0
venture,4,4.26,0.0
veteran,4,4.21,0.0
violence,4,4.75,0.0
viptiel,4,0.0,0.0
visible,4,4.39,0.0
volunteer,4,4.28,0.0
waist,4,3.96,0.0
waste,4,4.81,0.0
weak,4,4.66,0.0
weather,4,4.87,0.0
west,4,5.29,0.0
whenever,4,4.63,0.0
windsnakes,4,0.0,0.0
wire,4,4.43,0.0
wobble,4,3.02,0.0
worm,4,3.77,0.0
worthless,4,3.82,0.0
wrench,4,3.37,0.0
wrist,4,4.01,0.0
yander,4,0.0,0.5
yell,4,3.85,0.0
yellowish,4,3.21,0.0
zone,4,4.72,0.0
aback,3,2.99,0.0
abrasion,3,2.91,0.0
absurdly,3,2.95,0.33
accommodation,3,4.06,0.0
accustom,3,2.06,0.0
ache,3,3.43,0.0
achieve,3,4.57,0.0
acknowledge,3,4.18,0.0
acquire,3,4.13,0.0
adequate,3,4.05,0.0
advancement,3,3.81,0.0
adviser,3,3.94,0.0
affect,3,4.59,0.0
agility,3,3.33,0.0
aide,3,3.69,0.0
aim,3,4.51,0.0
alley,3,3.87,0.0
altimeter,3,2.48,0.0
altogether,3,4.07,0.0
ambush,3,3.55,0.0
anguish,3,3.37,0.0
anthem,3,3.91,0.0
anyway,3,4.91,0.0
anywhere,3,4.71,0.0
appall,3,1.51,0.0
appeal,3,4.67,0.0
appoint,3,3.7,0.0
approximately,3,4.64,0.0
architecture,3,4.42,0.0
arikakon,3,0.0,1.0
arise,3,3.93,0.0
arrange,3,4.0,0.0
assassination,3,3.82,0.0
assembly,3,4.61,0.0
assistance,3,4.59,0.0
astonish,3,2.47,0.0
atop,3,3.63,0.0
attendee,3,2.72,0.0
attitude,3,4.58,0.0
authority,3,4.81,0.0
average,3,5.16,0.0
awe,3,3.8,0.0
babble,3,2.77,0.0
baby,3,5.26,0.0
bang,3,4.32,0.0
bark,3,3.85,0.0
bay,3,4.73,0.0
beast,3,4.29,0.0
behave,3,4.0,0.0
behavior,3,4.69,0.0
belief,3,4.46,0.0
bend,3,4.13,0.0
benefit,3,4.82,0.0
besides,3,4.63,0.33
bespeak,3,1.75,0.0
betrayal,3,3.68,0.0
bind,3,3.75,0.0
bio-droids,3,2.81,0.0
bitter,3,4.21,0.0
bizarre,3,4.02,0.0
blame,3,4.63,0.0
blond,3,3.55,0.0
bluff,3,3.58,0.33
bobble,3,2.65,0.0
bomb,3,4.6,0.0
bombing,3,4.09,0.0
boom,3,4.33,0.0
boot,3,4.19,0.0
bout,3,4.05,0.0
bravado,3,2.8,0.0
brow,3,3.55,0.0
bulky,3,3.3,0.0
bury,3,3.89,0.0
butt,3,4.28,0.0
cabin,3,4.13,0.0
cage,3,4.13,0.0
calmly,3,3.56,0.0
camouflage,3,3.42,0.0
campaign,3,5.0,0.0
cant,3,4.35,0.0
career,3,5.07,0.0
casualty,3,3.61,0.33
catacomb,3,2.07,0.0
catastrophe,3,3.56,0.0
cautious,3,3.79,0.0
ceremony,3,4.42,0.0
chain,3,4.65,0.0
charm,3,4.12,0.33
cheek,3,3.96,0.0
chop,3,3.77,0.0
circular,3,3.96,0.0
claw,3,3.59,0.0
clench,3,2.65,0.0
client,3,4.54,0.0
cluck,3,2.32,0.0
clumsily,3,2.6,0.0
collide,3,3.29,0.0
comm,3,3.37,0.0
commercial,3,4.92,0.0
communicate,3,4.2,0.0
compensate,3,3.78,0.0
compete,3,4.39,0.0
concentration,3,4.27,0.0
concept,3,4.77,0.0
conclusion,3,4.4,0.0
configuration,3,3.97,0.0
congratulate,3,3.59,0.0
conscience,3,3.96,0.0
conscript,3,2.47,0.0
consumption,3,4.35,0.0
container,3,4.03,0.0
content,3,5.0,0.0
continuously,3,3.97,0.0
corellian,3,1.44,1.0
corporate,3,4.64,0.33
costume,3,4.18,0.0
couch,3,4.17,0.0
cough,3,3.95,0.0
counter,3,4.56,0.0
craggy,3,2.54,0.0
crater,3,3.55,0.0
crazy,3,5.07,0.0
crimson,3,3.6,0.0
cruise,3,4.22,0.0
ct-x,3,4.08,1.0
culture,3,5.03,0.0
curiously,3,3.2,0.0
currently,3,5.08,0.0
cushion,3,3.58,0.0
custom,3,4.43,0.0
customary,3,3.53,0.0
customer,3,4.61,0.0
dampen,3,2.81,0.0
daughter,3,5.07,0.0
daze,3,2.89,0.0
dear,3,4.77,0.0
dearly,3,3.48,0.0
declare,3,4.05,0.0
del,3,4.32,0.67
deliver,3,4.55,0.0
densely,3,3.42,0.0
depend,3,4.2,0.0
descendant,3,3.3,0.0
desk,3,4.43,0.0
desperation,3,3.55,0.0
deteriorate,3,3.15,0.0
develope,3,2.18,0.0
devil,3,4.3,0.0
devise,3,3.19,0.0
diamond,3,4.42,0.0
difficulty,3,4.33,0.0
dignitary,3,2.32,0.0
disadvantage,3,3.71,0.0
discourse,3,3.83,0.0
disposition,3,3.48,0.0
distort,3,3.08,0.0
distract,3,3.71,0.0
distribution,3,4.64,0.0
dodge,3,3.93,0.0
doom,3,3.81,0.0
dot,3,4.05,0.0
drama,3,4.67,0.0
drip,3,3.58,0.33
dump,3,4.08,0.0
dwelling,3,3.74,0.0
dynamic,3,4.31,0.0
earn,3,4.48,0.0
effective,3,4.89,0.0
elect,3,4.03,0.0
element,3,4.46,0.0
elongate,3,2.78,0.0
elusive,3,3.47,0.0
embarrass,3,3.41,0.0
embed,3,2.94,0.0
empathize,3,2.76,0.0
empathy,3,3.72,0.0
employer,3,4.22,0.0
encourage,3,4.45,0.0
enfold,3,1.87,0.0
ensnare,3,2.28,0.0
enthusiasm,3,4.02,0.0
equally,3,4.39,0.0
evaluation,3,4.21,0.0
evidently,3,3.6,0.0
excite,3,3.29,0.0
exciting,3,4.54,0.0
exertion,3,2.9,0.0
exhaustion,3,3.49,0.0
explore,3,4.31,0.0
extent,3,4.47,0.0
exterior,3,3.91,0.0
extraction,3,3.8,0.0
exude,3,2.52,0.0
faith,3,4.82,0.0
falsetto,3,2.69,0.0
farewell,3,3.89,0.0
fascinating,3,4.13,0.33
feature,3,4.82,0.0
ferocity,3,2.9,0.0
ferry,3,4.02,0.0
fertilize,3,2.61,0.0
fiction,3,4.44,0.0
fingertip,3,2.67,0.0
flap,3,3.49,0.0
flirt,3,3.52,0.0
fluidity,3,2.9,0.0
flurry,3,3.11,0.0
fodder,3,3.36,0.0
folding,3,3.7,0.0
fond,3,3.89,0.0
footage,3,4.31,0.0
force-sensitive,3,4.39,1.0
forehead,3,3.87,0.0
fortunate,3,3.97,0.0
foundry,3,3.32,0.33
fraud,3,4.37,0.0
fray,3,3.28,0.0
frequency,3,4.36,0.0
friendly,3,4.64,0.0
frustration,3,3.97,0.0
fulfill,3,3.86,0.0
fumble,3,3.36,0.0
fund,3,4.82,0.0
furnishing,3,3.02,0.0
gabonnas,3,0.0,0.67
gap,3,4.47,0.0
gate,3,4.47,0.0
gauche,3,2.53,0.0
generally,3,4.95,0.0
geometric,3,3.59,0.0
geothermal,3,3.18,0.0
girl,3,5.38,0.0
gladly,3,3.67,0.0
gland,3,3.38,0.0
glymphid,3,0.0,1.0
grandfather,3,4.24,0.0
graze,3,3.02,0.0
grimly,3,2.57,0.0
grit,3,3.43,0.33
groove,3,3.74,0.0
grumble,3,2.8,0.0
gut,3,4.02,0.0
habit,3,4.24,0.0
hairbreadth,3,1.05,0.0
hallucination,3,2.89,0.0
haul,3,3.88,0.0
haunt,3,3.54,0.0
headache,3,3.97,0.0
headquarters,3,4.36,0.0
hearing,3,4.82,0.0
hearten,3,1.54,0.0
heave,3,2.9,0.0
herb,3,3.77,0.0
hillside,3,3.38,0.0
hollow,3,3.95,0.0
honesty,3,3.99,0.0
honorable,3,3.81,0.0
hopefully,3,4.56,0.0
hormone,3,3.82,0.0
horror,3,4.43,0.0
hospitality,3,3.9,0.0
hostile,3,4.07,0.0
hourglass-shape,3,2.91,0.0
hovercraft,3,2.54,0.0
humble,3,4.11,0.0
hurricane,3,4.1,0.0
hustle,3,3.7,0.0
identification,3,4.18,0.0
ill,3,4.72,0.0
illuminate,3,3.3,0.0
imaginable,3,3.27,0.0
impression,3,4.35,0.0
improve,3,4.79,0.0
improvisation,3,3.1,0.0
independent,3,4.93,0.67
indigenous,3,4.16,0.0
inefficiency,3,2.89,0.0
infiltrator,3,2.17,0.0
infinite,3,4.16,0.0
innocence,3,3.83,0.0
instance,3,4.59,0.0
intelligent,3,4.29,0.0
intensify,3,3.16,0.0
interact,3,4.05,0.0
interpret,3,3.81,0.0
intimate,3,4.06,0.0
intoxicant,3,1.8,0.0
introduce,3,4.37,0.0
introduction,3,4.52,0.0
invade,3,3.61,0.0
invaluable,3,3.54,0.0
irregular,3,3.7,0.0
irrelevant,3,3.98,0.0
item,3,4.57,0.0
jag,3,3.05,0.0
jerk,3,4.0,0.0
judgment,3,4.28,0.0
juggle,3,3.02,0.0
juice,3,4.36,0.0
justify,3,4.14,0.0
juzzian,3,0.0,1.0
keen,3,4.13,0.0
kefka,3,1.35,0.33
kid,3,4.99,0.0
kidnapping,3,3.77,0.0
kiffar,3,0.0,1.0
knife,3,4.41,0.0
ky,3,3.77,1.0
launch,3,4.69,0.0
law,3,5.46,0.33
leather,3,4.35,0.0
leathery,3,2.62,0.0
lesser,3,4.13,0.0
lever,3,3.64,0.0
limp,3,3.43,0.0
lineage,3,3.46,0.0
lobby,3,4.03,0.0
lodging,3,3.44,0.0
logic,3,4.36,0.0
lonely,3,4.25,0.0
loop,3,4.29,0.0
loyal,3,4.2,0.0
lucky,3,4.77,0.0
lung,3,4.1,0.0
luxurious,3,3.55,0.0
maintenance,3,4.55,0.0
mass,3,4.87,0.0
maximize,3,3.63,0.0
meaning,3,4.87,0.0
meanwhile,3,4.48,0.0
medication,3,4.15,0.0
medium,3,4.61,0.0
mercy,3,4.25,0.0
microorganism,3,2.32,0.0
mild,3,4.11,0.0
miracle,3,4.13,0.0
mirth,3,2.62,0.0
misery,3,3.89,0.0
mistress,3,3.86,0.67
mix,3,4.71,0.0
mixe,3,1.62,0.0
moan,3,3.37,0.0
modular,3,3.51,0.0
monstrosity,3,2.77,0.0
mostly,3,4.83,0.0
mundane,3,3.43,0.0
murderer,3,3.82,0.0
murk,3,2.23,0.0
musk,3,3.49,0.0
myriad,3,3.49,0.0
nearby,3,4.55,0.0
necessitate,3,2.84,0.0
nervousness,3,3.04,0.0
neutralize,3,3.12,0.0
nice,3,5.37,0.33
nimble,3,3.07,0.0
nonsense,3,4.21,0.0
notion,3,4.17,0.0
obscene,3,3.46,0.0
observer,3,3.91,0.0
offplanet,3,0.0,0.0
oil,3,5.1,0.0
oily,3,3.35,0.0
ooze,3,2.8,0.0
op,3,4.42,0.0
operate,3,4.5,0.0
optimism,3,3.66,0.0
organ,3,4.14,0.0
organism,3,3.59,0.0
originate,3,3.37,0.0
ourselves,3,4.62,0.0
overboss,3,0.0,0.0
override,3,3.42,0.0
owner,3,4.83,0.0
palace,3,4.45,0.0
paralyze,3,2.65,0.0
participant,3,3.78,0.0
particle,3,3.9,0.0
particular,3,5.0,0.0
partner,3,4.84,0.0
passage,3,4.27,0.0
patience,3,4.2,0.0
patiently,3,3.48,0.0
pawn,3,3.53,0.0
pedestrian,3,3.71,0.0
perception,3,4.18,0.0
perfidy,3,2.02,0.0
persona,3,3.69,0.0
personality,3,4.55,0.0
pinch,3,3.76,0.0
pink,3,4.52,0.0
player,3,5.19,0.0
plea,3,3.95,0.0
pleasant,3,4.22,0.0
pleasantry,3,1.59,0.0
plot,3,4.58,0.0
plummet,3,2.85,0.0
plus,3,4.95,0.0
ponder,3,3.35,0.0
pop,3,4.87,0.0
possess,3,4.02,0.0
practicality,3,2.96,0.0
precognitive,3,1.81,0.0
predict,3,4.08,0.0
previously,3,4.83,0.0
privacy,3,4.36,0.0
privilege,3,4.2,0.0
projection,3,3.79,0.0
pronounce,3,3.66,0.0
pronouncement,3,2.54,0.0
protest,3,4.45,0.0
publish,3,4.1,0.67
pump,3,4.28,0.0
punch,3,4.32,0.0
purely,3,4.1,0.0
purple,3,4.32,0.0
purr,3,2.75,0.0
query,3,3.64,0.0
quest,3,4.27,0.0
rail,3,4.41,0.0
rattle,3,3.35,0.0
reasonable,3,4.59,0.33
rebel,3,4.08,0.0
recall,3,4.4,0.0
recipe,3,4.23,0.0
reckon,3,3.76,0.0
rectangular,3,3.62,0.0
redeem,3,3.53,0.0
reef,3,3.83,0.0
refine,3,3.28,0.0
reflex,3,3.44,0.0
regal,3,3.34,0.0
regency,3,3.25,1.0
register,3,4.59,0.0
reinforce,3,3.68,0.0
rejoin,3,3.19,0.0
relation,3,4.31,0.0
relay,3,3.86,0.0
reluctant,3,3.81,0.0
rely,3,4.29,0.0
rendezvous,3,3.32,0.0
renowned,3,3.96,0.0
reptilian,3,2.75,0.0
restraint,3,3.64,0.0
restriction,3,3.76,0.0
retrieve,3,3.69,0.0
revolve,3,3.24,0.0
rey,3,3.79,1.0
rival,3,4.18,0.0
road,3,5.24,0.0
roar,3,3.7,0.0
rocky,3,4.16,0.0
rope,3,4.06,0.0
royal,3,4.85,0.0
ruin,3,4.31,0.0
ruling,3,4.29,0.0
ruthless,3,3.65,0.0
saber,3,3.18,0.0
sad,3,4.84,0.0
sandstorm,3,2.73,0.0
satisfaction,3,4.16,0.0
savagely,3,2.75,0.0
scare,3,4.07,0.0
scrape,3,3.4,0.0
scrub,3,3.69,0.0
secession,3,3.27,0.0
secretive,3,3.26,0.0
selfish,3,4.11,0.0
settlement,3,4.49,0.0
severe,3,4.56,0.0
shade,3,4.16,1.0
shaggy,3,3.18,0.0
shhh,3,3.08,0.33
shred,3,3.32,0.0
shush,3,2.75,0.0
shutdown,3,3.62,0.0
sibling,3,3.61,0.0
signature,3,4.25,0.0
simmer,3,3.27,0.0
skirt,3,3.96,0.0
skitter,3,2.03,0.0
skull,3,4.09,0.0
slash,3,3.65,0.0
sleeve,3,3.93,0.0
sliver,3,2.99,0.0
slope,3,3.9,0.0
smuggler,3,2.96,0.0
snare,3,3.25,0.0
soap,3,4.18,0.0
society,3,5.17,0.0
solve,3,4.42,0.0
somersault,3,2.48,0.0
specification,3,3.75,0.0
spew,3,2.9,0.0
sphere,3,3.91,0.0
sputter,3,2.22,0.33
squat,3,3.48,0.0
squeak,3,2.9,0.0
squeal,3,2.83,0.0
squelsh,3,0.0,1.0
staff,3,5.08,0.0
stain,3,3.7,0.0
stalagmite,3,1.79,0.0
star-boy,3,4.88,0.0
static,3,4.05,0.0
statistic,3,3.45,0.0
steal,3,4.41,0.0
steer,3,3.72,0.0
stew,3,3.48,0.0
sticky,3,3.8,0.0
stiffen,3,2.49,0.0
stillness,3,2.98,0.0
sting,3,3.8,0.0
stock,3,4.93,0.0
strategy,3,4.74,0.0
string,3,4.4,0.0
strip,3,4.36,0.0
striving,3,3.5,0.0
stroke,3,4.27,0.0
suborbital,3,2.27,0.0
substance,3,4.23,0.0
substantial,3,4.33,0.0
sue,3,4.22,0.0
suggestion,3,4.23,0.0
superb,3,3.96,0.0
superbly,3,3.0,0.33
supplement,3,4.03,0.0
survey,3,4.69,0.0
suspicion,3,3.97,0.0
suspicious,3,4.09,0.0
swallow,3,3.87,0.0
swat,3,3.46,0.0
sweare,3,0.0,0.0
sweetheart,3,3.74,0.0
swipe,3,3.58,0.0
synthstones,3,0.0,0.0
tac,3,3.28,0.0
taut,3,2.91,0.0
teacher,3,4.88,0.0
technical,3,4.75,0.0
tend,3,4.57,0.0
tense,3,3.95,0.0
terminal,3,4.31,0.0
terminate,3,3.65,0.0
terribly,3,3.91,0.0
territory,3,4.6,0.0
thanke,3,0.0,0.0
thoughtful,3,3.83,0.0
throng,3,2.8,0.0
thumb,3,4.01,0.0
thump,3,2.97,0.33
thunder,3,4.14,0.0
titter,3,1.86,0.0
toe,3,4.07,0.0
tolerate,3,3.84,0.0
tolmeatek,3,0.0,0.67
tomorrow,3,5.02,0.0
torch,3,3.74,0.0
totally,3,4.83,0.0
town,3,5.24,0.0
toxin,3,3.3,0.0
trading,3,4.63,0.0
trance,3,3.49,0.0
translucent,3,3.21,0.0
transportation,3,4.57,0.0
traverse,3,3.4,0.0
tremor,3,3.05,0.0
trench,3,3.7,0.0
tricky,3,3.96,0.0
truly,3,4.87,0.0
truncate,3,2.24,0.0
trustworthy,3,3.51,0.0
tuck,3,3.55,0.0
turmoil,3,3.52,0.0
twine,3,2.93,0.0
unaccustomed,3,2.45,0.0
underwater,3,3.92,0.0
unexpected,3,4.23,0.0
unfortunate,3,4.12,0.0
unsee,3,2.61,0.0
unusual,3,4.45,0.0
uprising,3,3.74,0.33
upward,3,3.71,0.0
urgently,3,3.48,0.0
useless,3,4.22,0.0
usually,3,5.15,0.0
vacuum,3,4.09,0.0
valley,3,4.72,0.0
vapor,3,3.56,0.0
vary,3,4.25,0.0
vegetable,3,3.94,0.0
veil,3,3.66,0.0
velocity,3,3.92,0.0
vibrant,3,3.67,0.0
vid,3,3.4,0.0
vile,3,3.62,0.0
viper,3,3.31,0.0
volatile,3,3.72,0.0
vulnerable,3,4.21,0.0
waft,3,2.38,0.0
walkway,3,3.16,0.0
warren,3,4.26,0.0
wedge,3,3.62,0.0
weigh,3,3.99,0.0
wha-what,3,3.3,0.0
whereas,3,4.41,0.0
whine,3,3.28,0.0
whirlwind,3,3.24,0.0
whoever,3,4.42,0.0
wild,3,4.8,0.0
winge,3,1.58,0.0
wise,3,4.51,0.0
wit,3,3.96,0.0
withdrawal,3,4.05,0.0
wizard,3,3.93,0.0
working,3,5.45,0.0
wrinkle,3,3.12,0.0
yank,3,3.0,0.0
yesterday,3,4.91,0.0
yours,3,4.75,0.0
yourselves,3,3.86,0.0
youth,3,4.75,0.0
youthful,3,3.58,0.0
zero,3,4.63,0.0
Canada,2,4.97,1.0
York,2,5.37,1.0
abdomen,2,3.56,0.0
abomination,2,3.13,0.0
abrupt,2,3.38,0.0
abruptly,2,3.56,0.0
absence,2,4.34,0.0
account,2,5.21,0.0
accuracy,2,4.24,0.0
accurately,2,3.99,0.0
acting,2,4.82,0.0
active,2,4.93,0.0
adhesive,2,3.37,0.0
admirably,2,2.91,0.0
admiration,2,3.59,0.0
adrenaline,2,3.52,0.0
adult,2,4.8,0.0
advice,2,4.88,0.0
aerial,2,3.91,0.0
aerodynamics,2,2.93,0.0
afterward,2,3.83,0.0
agony,2,3.6,0.0
aid,2,4.75,0.0
aiyee,2,0.0,0.5
aliveness,2,1.67,0.0
allegiance,2,3.69,0.0
alliance,2,4.4,0.0
allotment,2,3.13,0.0
ambition,2,3.91,0.0
ambitious,2,3.95,0.0
amorphous,2,2.95,0.0
amphibious,2,3.06,0.0
analyze,2,3.84,0.0
anew,2,3.2,0.0
angular,2,3.51,0.0
animate,2,3.14,0.0
ankle,2,3.97,0.0
announce,2,4.26,0.0
announcement,2,4.31,0.0
annoy,2,3.46,0.0
anticipation,2,3.74,0.0
anxiety,2,4.45,0.0
apparatus,2,3.78,0.0
applause,2,3.83,0.0
appointment,2,4.49,0.0
apprehension,2,3.09,0.0
appropriate,2,4.67,0.0
approximate,2,3.64,0.0
aqualish,2,0.0,1.0
aquatic,2,3.62,0.0
archive,2,3.98,0.5
arctic,2,4.03,0.0
argument,2,4.64,0.0
arrest,2,4.55,0.0
ascend,2,3.24,0.0
ascension,2,3.34,0.0
ashamed,2,4.06,0.0
asleep,2,4.36,0.0
assessment,2,4.46,0.0
associate,2,4.39,0.0
astound,2,2.31,0.0
atrium,2,3.12,0.0
attractive,2,4.53,0.0
aura,2,3.52,0.0
authorization,2,3.74,0.5
authorize,2,3.38,0.0
automaton,2,2.68,0.0
autopilot,2,3.16,0.0
avarice,2,2.5,0.0
awake,2,4.14,0.0
awakening,2,3.72,0.0
awry,2,2.93,0.0
axis,2,4.02,0.0
background,2,4.77,0.0
backin,2,1.64,0.0
ballantine,2,2.5,1.0
banter,2,3.48,0.0
bargain,2,3.95,0.0
barrier,2,4.15,0.0
barter,2,3.05,0.0
bauble,2,2.29,0.0
bean,2,3.98,0.0
bedroll,2,1.75,0.0
belch,2,2.27,0.0
belonging,2,4.05,0.0
beloved,2,4.17,0.0
bet,2,4.79,0.0
bidding,2,3.81,0.0
bio-droid,2,3.17,0.0
biodroid,2,0.0,0.0
bite,2,4.31,0.0
bitterly,2,3.29,0.0
blackness,2,3.09,0.0
blanket,2,4.07,0.0
blip,2,2.97,0.0
blister,2,3.0,0.0
bloody,2,4.28,0.0
blunder,2,3.13,0.0
blunt,2,3.9,0.0
boneless,2,2.75,0.0
bonus,2,4.45,0.0
book,2,5.43,1.0
booth,2,4.1,0.0
bother,2,4.39,0.0
brave,2,4.33,0.0
brawny,2,2.34,0.0
breakaway,2,3.19,0.0
breast,2,4.35,0.0
breeze,2,3.86,0.0
brew,2,3.64,0.0
brewing,2,3.76,0.0
brighten,2,3.25,0.0
brisk,2,3.2,0.0
broadly,2,3.82,0.0
brood-mother,2,3.25,0.0
broodmaster,2,0.0,1.0
broodmates,2,0.0,0.0
brown-robe,2,3.51,0.0
brownish,2,3.13,0.0
brunt,2,3.12,0.0
brutal,2,4.1,0.0
buck,2,4.01,0.0
buckle,2,3.5,0.0
buff,2,3.59,0.0
bulge,2,3.24,0.0
bully,2,3.87,0.0
burgeon,2,1.65,0.0
burr,2,3.36,0.0
buying,2,4.75,0.0
cadence,2,3.12,0.0
cairn,2,2.87,0.0
calibrate,2,2.79,0.0
calisthenics,2,2.38,0.0
callus,2,2.59,0.0
cam,2,4.1,0.0
capacitor,2,3.17,0.0
card,2,5.04,0.0
carnival,2,3.86,0.0
carving,2,3.51,0.0
cash,2,4.92,0.0
casting,2,4.15,0.0
caution,2,3.97,0.0
chadra-fan,2,0.0,1.0
champion,2,4.62,0.0
cheap,2,4.71,0.0
chill,2,4.18,0.0
chin-bret,2,3.2,0.0
chin-bretier,2,0.0,0.0
chitinous,2,1.65,0.0
chrono,2,2.69,0.0
circumstance,2,3.66,0.0
clamp,2,3.45,0.0
clasp,2,3.1,0.0
clean-shave,2,3.8,0.0
clever,2,4.21,0.5
clot,2,3.19,0.0
clothes,2,4.72,0.0
clothing,2,4.47,0.0
clumsy,2,3.44,0.0
cocktail,2,3.89,0.0
codicil,2,1.93,0.0
coincidence,2,3.96,0.0
collection,2,4.96,0.0
collective,2,4.3,0.0
collision,2,3.95,0.0
com,2,4.22,0.0
commit,2,4.33,0.0
commuter,2,3.44,0.0
compatriot,2,2.8,0.0
compensation,2,4.33,0.0
complain,2,4.23,0.0
complication,2,3.31,0.0
component,2,4.32,0.0
compound,2,4.18,0.0
comprehension,2,3.57,0.0
compress,2,3.07,0.0
computerize,2,1.48,0.0
conceivable,2,3.17,0.0
conceivably,2,2.94,0.0
concoct,2,2.43,0.0
conditioning,2,3.89,0.0
conduit,2,3.28,0.0
cone,2,3.83,0.0
confrontation,2,3.72,0.0
conquest,2,3.77,0.0
consciously,2,3.5,0.0
consequence,2,4.07,0.0
considerable,2,4.25,0.0
constantly,2,4.53,0.0
constrict,2,2.33,0.0
construction,2,4.97,0.0
consume,2,3.88,0.0
contemptuous,2,2.64,0.0
contentment,2,3.05,0.0
context,2,4.63,0.0
contrary,2,4.17,0.0
contrast,2,4.46,0.0
convey,2,3.83,0.0
coo,2,3.3,0.0
cooperate,2,3.79,0.0
coordination,2,3.9,0.0
copyright,2,4.24,1.0
corkscrew,2,2.71,0.0
corporation,2,4.59,0.0
counsel,2,4.16,0.5
counterfeit,2,3.39,0.0
courtesy,2,4.13,0.0
cowl,2,2.87,0.0
cradle,2,3.5,0.0
cramp,2,3.04,0.0
cranial,2,2.99,0.0
crate,2,3.47,0.0
crest,2,3.65,0.0
crew,2,4.7,0.0
crinkle,2,2.32,0.0
critically,2,3.88,0.0
crooked,2,3.63,0.0
cross-leg,2,4.5,0.0
crunch,2,3.66,0.0
cuisine,2,3.81,0.0
cultivate,2,3.42,0.0
cure,2,4.32,0.0
dart,2,3.52,0.0
dazzle,2,3.02,0.0
debate,2,4.64,0.0
debris,2,3.92,0.0
decant,2,2.2,0.0
deceit,2,3.24,0.0
deceive,2,3.38,0.0
decelerate,2,2.28,0.0
deceptively,2,2.84,0.0
deck,2,4.41,0.0
deed,2,3.75,0.0
defile,2,2.65,0.0
delay,2,4.4,0.0
demicots,2,0.0,0.0
demo,2,4.06,0.5
demon,2,4.06,0.0
demonic,2,3.33,0.0
deposit,2,4.24,0.0
deserve,2,4.59,0.0
desiccate,2,1.38,0.0
desperately,2,3.98,0.0
detach,2,2.99,0.0
detonate,2,2.98,0.0
detonation,2,3.06,0.0
devastation,2,3.34,0.0
devolve,2,2.78,0.0
diaphragm,2,3.09,0.0
dictate,2,3.58,0.0
differently,2,4.23,0.0
dignity,2,4.02,0.0
dilemma,2,3.73,0.0
diminish,2,3.46,0.0
dirty,2,4.55,0.0
disappointment,2,4.01,0.0
discard,2,3.37,0.0
discharge,2,3.93,0.0
discomfort,2,3.65,0.0
disgrace,2,3.73,0.0
disloyal,2,2.84,0.0
disregard,2,3.66,0.0
distantly,2,2.67,0.0
distasteful,2,2.99,0.0
distend,2,1.45,0.0
distinguish,2,3.87,0.0
distribute,2,3.79,0.0
distrust,2,3.4,0.0
disturbingly,2,2.65,0.0
divert,2,3.42,0.0
dizzy,2,3.43,0.0
dizzying,2,2.67,0.0
doubly,2,3.17,0.0
downward,2,3.71,0.0
dramatic,2,4.41,0.0
dread,2,3.64,0.0
dreadful,2,3.66,0.0
dreg,2,1.43,0.0
duel,2,3.65,0.0
dumbfounded,2,2.75,0.0
dusky,2,2.83,0.0
dwarf,2,3.75,0.0
dweller,2,2.77,0.0
dwindle,2,2.61,0.0
eager,2,4.03,0.0
eagerness,2,2.9,0.0
eater,2,3.42,0.0
ebb,2,3.04,0.0
economically,2,3.83,0.0
edible,2,3.63,0.0
educate,2,3.92,0.0
eighty,2,3.75,0.0
elastic,2,3.59,0.0
elderly,2,4.15,0.0
eldest,2,3.69,0.0
electrobinoculars,2,0.0,0.0
electromagnetic,2,3.58,0.0
electronic,2,4.55,0.0
emotionally,2,4.04,0.0
employment,2,4.56,0.0
enable,2,4.3,0.0
enclave,2,3.19,0.0
encode,2,2.95,0.0
endanger,2,3.23,0.0
endurance,2,3.74,0.0
endure,2,3.82,0.0
engrave,2,2.37,0.0
engulf,2,2.66,0.0
enlighten,2,3.22,0.0
enmesh,2,1.27,0.0
enrage,2,2.38,0.0
entertain,2,3.83,0.0
entity,2,4.12,0.0
entrench,2,2.33,0.0
envelope,2,3.86,0.0
environmental,2,4.7,0.0
eon,2,2.7,0.0
equation,2,4.02,0.0
equivalent,2,4.5,0.0
erosion,2,3.64,0.0
esteem,2,3.9,0.0
ethics,2,4.19,0.0
evacuate,2,3.53,0.0
evil,2,4.74,0.0
exception,2,4.35,0.0
exceptional,2,4.05,0.0
exclusive,2,4.56,0.0
execute,2,3.95,0.0
exhibit,2,4.16,0.0
expert,2,4.56,0.0
export,2,4.24,0.0
express,2,4.68,0.0
expressionless,2,2.28,0.0
extra,2,4.98,0.0
extraordinary,2,4.36,0.0
extremely,2,4.79,0.5
exuberance,2,2.79,0.0
eye-baffle,2,2.72,0.0
eyeless,2,2.03,0.0
fable,2,3.16,0.0
facial,2,4.1,0.0
facilitate,2,3.99,0.0
falter,2,2.82,0.0
fam,2,3.52,1.0
fame,2,4.34,0.0
famish,2,1.2,0.0
famous,2,4.84,0.0
fan,2,4.92,0.0
far-off,2,5.36,0.0
fat,2,4.85,0.0
fatal,2,4.1,0.0
favorable,2,3.85,0.0
fearful,2,3.58,0.0
fearless,2,3.55,0.0
fertile,2,3.62,0.0
fertility,2,3.78,0.0
fertilizer,2,3.42,0.0
fiddle,2,3.43,0.0
fierceness,2,2.22,0.0
filtration,2,3.31,0.0
financial,2,5.08,0.0
fire-kraken,2,2.85,0.0
firmly,2,4.0,0.0
first-aid,2,4.73,0.0
fish,2,4.9,0.0
fissure,2,2.82,0.0
fist-size,2,3.87,0.0
fitness,2,4.39,0.0
fix,2,4.75,0.0
flag,2,4.58,0.0
flatly,2,2.91,0.0
fleck,2,2.57,0.0
fleshly,2,1.96,0.0
flit,2,2.46,0.0
flooding,2,3.97,0.0
flop,2,3.56,0.0
flux,2,3.57,0.0
foe,2,3.51,0.0
fog,2,3.9,0.0
footstep,2,2.26,0.0
forebear,2,1.87,0.0
fork,2,4.03,0.0
formulate,2,3.23,0.0
fourth,2,4.83,0.0
fracture,2,3.7,0.0
frantic,2,3.33,0.0
fraudulent,2,3.61,0.0
freak,2,4.08,0.0
freedom,2,4.86,0.0
friendship,2,4.39,0.0
frond,2,2.23,0.0
frustrate,2,2.99,0.0
funny,2,5.02,0.0
furry,2,3.56,0.0
fury,2,3.91,0.0
gadon,2,1.54,1.0
gambit,2,3.1,0.0
gape,2,2.54,0.0
gas,2,5.01,0.0
gauze,2,2.89,0.0
gawp,2,1.6,0.0
geebug,2,0.0,0.0
gentleman,2,4.16,0.0
ghastly,2,3.07,0.0
gingerly,2,2.59,0.0
glimmer,2,3.11,0.0
globe-head,2,4.26,0.0
glorious,2,4.08,0.0
glue,2,3.8,0.0
goal,2,5.06,0.0
gracefully,2,3.23,0.0
grandchild,2,3.13,0.0
grant,2,4.67,0.0
grass,2,4.38,0.0
gratify,2,2.28,0.0
gratitude,2,3.92,0.0
gravity,2,4.21,0.0
gray-tuft,2,2.55,0.0
greenish,2,3.01,0.0
greeter,2,2.25,0.0
griddle,2,2.52,0.0
grievous,2,3.18,1.0
grimace,2,2.61,0.0
groom,2,3.63,0.0
growth,2,5.03,0.0
grub,2,3.12,0.0
guarantee,2,4.44,0.0
guarde,2,1.18,0.0
guidance,2,4.33,0.0
guilt,2,4.13,0.0
guntar,2,0.0,0.5
gymnastics,2,3.6,0.0
habitat,2,3.98,0.0
habitation,2,2.98,0.0
hai,2,3.57,1.0
halt,2,3.93,0.0
halve,2,2.6,0.0
hand-size,2,4.95,0.0
hanging,2,4.5,0.0
hapless,2,2.88,0.0
hard-won,2,5.03,0.0
harden,2,3.52,0.0
harmless,2,3.79,0.0
harvest,2,4.03,0.0
hasn,2,2.25,0.0
havoc,2,3.5,0.0
hawk-bat,2,3.69,0.0
hazard,2,3.98,0.0
heads-up,2,4.66,0.0
healer,2,3.32,0.0
healthy,2,4.8,0.0
heartily,2,2.91,0.0
heighten,2,2.84,0.0
helplessly,2,2.8,0.0
helplessness,2,2.91,0.0
hence,2,4.38,0.0
heroic,2,3.84,0.0
hesitation,2,3.55,0.0
high-end,2,5.41,0.0
hint,2,4.07,0.0
hitch,2,3.42,0.0
hmmm,2,3.61,0.0
hoard,2,3.23,0.0
hoist,2,3.12,0.0
holocard,2,0.0,0.0
holodoc,2,0.0,0.0
holodocs,2,0.0,0.0
holographic,2,3.05,0.0
holos,2,1.83,0.0
hook,2,4.37,0.0
horrendous,2,3.43,0.0
horribly,2,3.49,0.0
horrid,2,3.28,0.0
horrific,2,3.76,0.0
horrify,2,2.13,0.0
hothouse,2,2.39,0.0
hovercar,2,0.0,0.0
hree,2,1.35,0.0
huddle,2,3.08,0.0
humiliate,2,3.08,0.0
humiliation,2,3.55,0.0
humor,2,4.19,0.0
humorless,2,2.22,0.0
hump,2,3.36,0.0
hunting,2,4.42,0.0
hurl,2,2.91,0.0
hurry,2,4.14,0.0
husk,2,2.84,0.0
hyperspace,2,2.69,0.0
hypnotically,2,1.8,0.0
ideal,2,4.44,0.0
idiot,2,4.39,0.0
ignorance,2,4.04,0.0
ii,2,5.02,1.0
imagination,2,4.22,0.0
imitation,2,3.47,0.0
immediate,2,4.52,0.0
immobile,2,2.93,0.0
immune,2,4.14,0.0
imperious,2,2.66,0.0
implacable,2,2.61,0.0
implode,2,2.7,0.0
impolite,2,2.62,0.0
importance,2,4.56,0.0
inclination,2,3.37,0.0
incorporate,2,3.85,0.0
incorporated,2,4.2,1.0
incredible,2,4.63,0.0
incriminate,2,2.58,0.0
indestructible,2,3.06,0.0
inexorable,2,2.57,0.0
inferior,2,3.81,0.0
infinitely,2,3.51,0.0
infirmary,2,3.34,0.0
infrastructure,2,4.46,0.0
ingenious,2,3.35,0.0
inhabitant,2,2.76,0.0
initiative,2,4.36,0.0
injure,2,3.27,0.0
inquiry,2,4.25,0.0
insane,2,4.4,0.0
insert,2,4.01,0.0
insignificant,2,3.53,0.0
instruct,2,3.31,0.0
intact,2,3.98,0.0
integral,2,3.96,0.0
intel,2,4.07,0.0
intellect,2,3.49,0.0
intensely,2,3.52,0.0
intently,2,2.97,0.0
interference,2,3.99,0.0
intoxicate,2,1.94,0.0
intoxication,2,3.12,0.0
intrusion,2,3.42,0.0
intuitive,2,3.57,0.0
invariably,2,3.44,0.0
invest,2,4.32,0.0
iron,2,4.74,0.0
irony,2,3.86,0.0
irresistible,2,3.47,0.0
irritate,2,3.08,0.0
jacket,2,4.32,0.0
jam,2,4.17,0.0
jawline,2,2.62,0.0
jelly,2,3.77,0.0
jeopardy,2,3.52,0.0
jettison,2,2.54,0.0
jk-thirteen,2,3.33,1.0
jostle,2,2.22,0.0
juggernaut,2,2.99,0.0
juncture,2,3.03,0.0
kaminoans,2,1.01,1.0
kneel,2,3.24,0.0
labyrinth,2,3.31,0.0
lad,2,3.9,0.0
lance,2,3.94,0.0
landline,2,3.01,0.0
landscape,2,4.36,0.0
lane,2,4.57,0.0
last-minute,2,4.93,0.0
lawyer,2,4.67,0.0
leaf,2,4.22,0.0
learner,2,3.35,0.0
legality,2,3.37,0.0
letter,2,4.95,0.0
library,2,4.86,0.5
lighten,2,3.35,0.0
lightness,2,2.97,0.0
liquid,2,4.39,0.0
literally,2,4.91,0.0
loath,2,2.67,0.0
loathe,2,3.11,0.0
locomotion,2,2.88,0.0
locus,2,3.18,0.0
logistics,2,3.86,0.0
longe,2,2.05,0.0
longrange,2,1.29,0.0
loose,2,4.46,0.0
loosen,2,3.37,0.5
loot,2,3.49,0.0
lounge,2,3.92,0.0
loyalty,2,4.17,0.0
lull,2,3.08,0.0
luminescent,2,2.43,0.0
lust,2,3.72,0.0
machinelike,2,0.0,0.0
madam,2,3.59,0.0
maelstrom,2,2.69,0.0
magnificent,2,4.04,0.0
majority,2,4.94,0.0
makeshift,2,3.18,0.0
malfunction,2,3.29,0.0
management,2,5.13,0.0
mandate,2,3.97,0.0
maneuverable,2,2.36,0.0
manipulation,2,3.85,0.0
marry,2,4.4,0.0
marvel,2,4.16,0.0
mass-produce,2,4.52,0.0
materialize,2,2.99,0.0
mathematical,2,4.04,0.0
matron,2,3.01,0.0
maw,2,2.96,0.0
maximum,2,4.6,0.0
mead,2,3.43,0.0
meaningless,2,3.7,0.0
mechanism,2,4.27,0.0
med,2,3.88,0.0
medicinal,2,3.53,0.0
meeting,2,5.15,0.0
mesmerize,2,1.97,0.0
midi-chlorians,2,1.41,0.0
midnight,2,4.31,0.0
mightn,2,0.0,0.0
militia,2,3.88,0.0
milk,2,4.66,0.0
mindful,2,3.49,0.0
mindless,2,3.22,0.0
minion,2,3.05,0.0
mischief,2,3.36,0.0
misgiving,2,1.58,0.0
misty,2,3.39,0.0
mixture,2,4.18,0.0
mode,2,4.63,0.0
moisture,2,3.9,0.0
molten,2,3.33,0.0
monster,2,4.49,0.0
monthlong,2,1.69,0.0
mop,2,3.39,0.0
mortality,2,3.9,0.0
motivate,2,3.6,0.0
mourn,2,3.43,0.0
mouthpiece,2,3.12,0.0
mucus,2,3.15,0.0
mull,2,2.94,0.0
multiply,2,3.5,0.0
multispecy,2,0.0,0.0
multitude,2,3.59,0.0
muse,2,3.59,0.0
myth,2,4.08,0.0
nauseate,2,1.25,0.0
naval,2,4.24,0.0
neatly,2,3.49,0.0
necessarily,2,4.48,0.0
nemonus,2,0.0,0.5
nervestick,2,0.0,0.0
nestle,2,2.99,0.0
newly,2,4.42,0.0
nickname,2,3.91,0.0
nicos,2,1.91,0.5
nine,2,4.87,0.0
ninety,2,3.71,0.0
noble,2,4.24,0.0
nomad,2,3.07,0.0
nomadic,2,3.13,0.0
non-native,2,4.59,0.0
nonlethal,2,2.17,0.0
nope,2,4.26,0.5
normally,2,4.57,0.0
notch,2,3.78,0.0
nowhere,2,4.4,0.0
noxious,2,2.91,0.0
nucleus,2,3.59,0.0
nullify,2,2.85,0.0
nurture,2,3.31,0.0
oath,2,3.96,0.0
obedient,2,3.19,0.0
obsolete,2,3.65,0.0
obstruction,2,3.55,0.0
obviously,2,4.8,0.0
occupant,2,3.11,0.0
oddness,2,1.95,0.0
off-balance,2,4.73,0.0
off-duty,2,4.68,0.0
offense,2,4.26,0.0
offensive,2,4.46,0.0
officially,2,4.53,0.0
offline,2,3.74,0.0
online,2,5.19,0.0
onplanet,2,0.0,0.0
onrushing,2,1.76,0.0
onslaught,2,3.2,0.0
onyx,2,2.99,0.0
opinion,2,4.94,0.0
opposite,2,4.62,0.0
oppress,2,2.88,0.0
oppressor,2,2.74,0.0
optimal,2,3.94,0.0
optimistic,2,3.87,0.0
orange,2,4.62,0.0
orb,2,3.26,0.0
origin,2,4.55,0.0
orphan,2,3.58,0.0
outrage,2,3.84,0.0
overhear,2,2.65,0.0
packet,2,3.77,0.0
pall,2,2.93,0.0
pant,2,3.18,0.0
paper,2,5.07,0.0
parade,2,4.16,0.0
particularly,2,4.96,0.0
party,2,5.49,0.0
passable,2,2.8,0.0
passion,2,4.44,0.0
pathway,2,3.77,0.0
payroll,2,3.76,0.0
penitentiary,2,3.18,1.0
perceptive,2,2.99,0.0
perch,2,3.29,0.0
perfection,2,3.99,0.0
peril,2,3.4,0.0
perish,2,3.32,0.0
perspective,2,4.56,0.0
perspiration,2,2.68,0.0
phase,2,4.64,0.0
phenomenon,2,4.13,0.0
philosophical,2,3.95,0.0
phrase,2,4.3,0.0
physiology,2,3.61,0.0
pierce,2,3.93,0.0
pillar,2,3.64,0.0
pique,2,2.93,0.0
pitch,2,4.43,0.0
pitiless,2,2.31,0.0
plastidroids,2,0.0,0.0
plate,2,4.55,0.0
platform,2,4.67,0.0
plausible,2,3.64,0.5
ploo,2,0.0,1.0
pocket,2,4.48,0.0
podium,2,3.63,0.0
polarize,2,2.25,0.0
politically,2,4.06,0.0
popular,2,5.07,0.0
pose,2,4.1,0.0
positive,2,4.99,0.0
positively,2,3.89,0.0
pound,2,4.32,0.0
pour,2,4.1,0.0
poverty,2,4.46,0.0
practical,2,4.48,0.0
praise,2,4.31,0.0
prayer,2,4.42,0.0
predecessor,2,3.82,0.0
prefer,2,4.57,0.0
preferable,2,3.44,0.0
prejudice,2,3.79,0.0
pretense,2,3.01,0.0
prevail,2,3.55,0.0
privately,2,4.01,0.0
probable,2,3.79,0.0
proceeding,2,3.66,0.0
profoundly,2,3.51,0.0
profus,2,0.0,1.0
promotion,2,4.41,0.0
prompt,2,3.86,0.0
prowess,2,3.35,0.0
prowl,2,2.75,0.0
pry,2,3.08,0.0
publicly,2,4.28,0.0
punctuate,2,2.34,0.0
punish,2,3.95,0.0
puppet,2,3.8,0.0
purse,2,3.95,0.0
pursuer,2,2.35,0.0
puzzle,2,3.96,0.0
quartet,2,3.54,0.0
queen,2,4.86,0.0
quit,2,4.54,0.0
quy,2,1.74,1.0
rank-and-file,2,4.27,0.0
ravage,2,2.58,0.0
reactor,2,3.83,0.0
realization,2,3.72,0.0
realm,2,4.06,0.0
reappear,2,3.01,0.0
reassure,2,3.3,0.0
recite,2,3.28,0.0
recoil,2,3.19,0.0
reconsider,2,3.63,0.0
reconstruct,2,3.22,0.0
rectangle,2,3.24,0.0
red-and-white,2,5.1,0.0
redden,2,2.29,0.0
redress,2,3.15,0.0
refreshment,2,2.94,0.0
refugee,2,3.98,0.0
regime,2,4.3,0.0
reign,2,4.07,0.0
relegate,2,2.47,0.0
reliable,2,4.29,0.0
reluctantly,2,3.45,0.5
remarkable,2,4.29,0.0
remnant,2,3.3,0.0
rendition,2,3.45,0.0
replaceable,2,2.92,0.0
replay,2,3.82,0.0
reprisal,2,2.87,0.0
reptile,2,3.25,0.0
resent,2,3.38,0.0
resentment,2,3.61,0.0
resident,2,4.38,0.0
respectfully,2,3.47,0.0
restless,2,3.6,0.0
restrain,2,3.27,0.0
restrict,2,3.8,0.0
resultant,2,3.13,0.0
resume,2,4.12,0.0
retinal,2,3.13,0.0
revelry,2,2.5,0.0
revolt,2,3.73,0.0
ribbon,2,3.81,0.0
riffle,2,2.2,0.0
rig,2,3.86,0.0
rigidly,2,2.73,0.0
rigor,2,3.07,0.0
riverbed,2,2.58,0.0
rivet,2,2.69,0.0
roadway,2,3.37,0.0
roast,2,3.87,0.0
root,2,4.41,0.0
ropy,2,1.52,0.0
roundabout,2,3.33,0.0
routine,2,4.37,0.0
royalty,2,3.8,0.0
rub,2,3.97,0.0
rubble,2,3.44,0.0
ruefully,2,2.32,0.0
ruffian,2,2.36,0.0
ruffle,2,2.79,0.0
rumbling,2,2.96,0.0
runner,2,4.18,0.0
ruse,2,3.16,0.0
rustle,2,2.72,0.0
sabit,2,1.41,1.0
sadly,2,4.18,0.0
sag,2,3.25,0.0
sail,2,4.01,0.0
salt,2,4.6,0.0
salvation,2,3.95,0.0
sandwich,2,4.13,0.0
sarcasm,2,3.62,0.0
saw-tooth,2,4.06,0.0
scathingly,2,1.93,0.0
scavenge,2,2.51,0.0
scenario,2,4.19,0.0
scenery,2,3.68,0.0
schedule,2,4.67,0.0
scoff,2,2.78,0.0
scrabble,2,3.04,0.0
scrap,2,3.9,0.0
sculpt,2,2.8,0.0
searchlight,2,2.73,0.0
seep,2,2.79,0.0
self,2,5.25,0.0
self-pity,2,3.96,0.0
self-sufficient,2,4.27,0.0
sensory,2,3.68,0.0
sentence,2,4.58,0.0
sentiment,2,4.03,0.0
sequester,2,2.54,0.0
serpentine,2,3.06,0.0
servant,2,4.09,0.0
seven,2,5.08,0.5
severity,2,3.71,0.0
shaft,2,3.9,0.0
sham,2,3.45,0.0
shave,2,3.83,0.0
sheaf,2,2.6,0.0
sheer,2,4.01,0.0
sheevis,2,0.0,1.0
shelf,2,4.02,0.0
shepherd,2,3.9,0.0
shipment,2,3.76,0.0
shirt,2,4.63,0.0
shoot,2,4.73,0.0
shop,2,4.88,0.0
shore,2,4.33,0.0
shoulder-length,2,4.31,0.0
shrink,2,3.73,0.0
shuck,2,2.37,0.0
shug,2,2.03,1.0
shunt,2,2.82,0.0
shyly,2,2.42,0.0
sick,2,4.88,0.0
sidearm,2,2.46,0.0
similarly,2,4.3,0.0
simulate,2,3.44,0.0
sincere,2,3.84,0.0
sinuous,2,2.52,0.0
sip,2,3.67,0.0
skim,2,3.17,0.0
skintight,2,2.09,0.0
skywalker,2,3.13,1.0
slag,2,3.19,0.0
slant,2,3.18,0.0
sling,2,3.34,0.0
slot,2,4.09,0.0
smart,2,4.83,0.0
smatter,2,1.17,0.0
smirk,2,3.04,0.0
smoothe,2,1.49,0.0
snatch,2,3.53,0.0
snowmelt,2,2.21,0.0
sob,2,3.27,0.0
softness,2,2.99,0.0
solace,2,3.28,0.0
solar,2,4.53,0.0
solder,2,3.11,0.0
solitary,2,3.73,0.0
sorely,2,3.19,0.0
soup,2,4.15,0.0
southern,2,4.84,0.0
southwest,2,4.1,0.0
spar,2,3.06,0.0
spasm,2,2.83,0.0
spawn,2,3.38,0.0
speaker,2,4.49,0.0
specifically,2,4.65,0.0
spectacular,2,4.06,0.0
spectator,2,3.51,0.0
spectrum,2,4.26,0.0
speculative,2,3.51,0.0
spill,2,3.84,0.0
spire,2,3.11,0.0
spiritual,2,4.4,0.0
splendid,2,3.75,1.0
splitting,2,3.78,0.0
spoil,2,3.81,0.0
sponge,2,3.59,0.0
spontaneous,2,3.71,0.0
sprawl,2,2.99,0.0
sprint,2,3.96,0.0
sprout,2,3.11,0.0
squall,2,2.67,0.0
squirm,2,2.78,0.0
stack,2,4.05,0.0
stage,2,5.1,0.0
statement,2,4.97,0.0
steak,2,3.97,0.0
stealthily,2,2.56,0.0
steep,2,3.99,0.0
stem,2,4.3,0.0
stepdaughter,2,2.78,0.0
sterile,2,3.43,0.0
stimulate,2,3.67,0.0
stink,2,3.46,0.0
store,2,5.02,0.0
stow,2,3.06,0.0
straggler,2,1.96,0.0
stroll,2,3.54,0.0
strum,2,2.48,0.0
strut,2,3.16,0.0
stupid,2,4.94,0.0
stutter,2,2.95,0.0
subconscious,2,3.39,0.0
subcontract,2,2.32,0.0
subsequently,2,4.23,0.0
successfully,2,4.45,0.0
sunblossom,2,0.0,0.0
supernatural,2,3.89,0.0
supervise,2,3.32,0.0
surf,2,3.86,0.0
surveillance,2,4.17,0.0
suspension,2,4.24,0.0
sustain,2,3.93,0.0
sustenance,2,2.99,0.0
sway,2,3.65,0.0
sweaty,2,3.56,0.0
swivel,2,2.99,0.0
swoosh,2,2.47,0.0
sword,2,4.37,0.0
synthflesh,2,0.0,0.0
tactician,2,2.57,0.0
tale,2,4.29,0.0
tang,2,3.58,0.0
tangle,2,3.1,0.0
tatooine,2,2.35,1.0
template,2,3.71,0.0
tempt,2,3.22,0.0
tendency,2,3.96,0.0
tender,2,4.09,0.0
tent,2,4.05,0.0
terrain,2,3.94,0.0
terror,2,4.26,0.0
testament,2,4.07,0.0
thermal,2,4.04,0.0
thirty-six,2,4.33,0.0
thoroughly,2,4.09,0.0
thrantcill,2,0.0,0.0
thrantcills,2,0.0,0.0
three-quarter,2,4.68,0.0
three-story,2,5.28,0.0
thus,2,4.91,0.0
thwart,2,3.06,0.0
tier,2,4.16,0.0
timer,2,3.68,0.0
tinkle,2,2.36,0.0
tint,2,3.22,0.0
toil,2,3.03,0.0
tolerance,2,4.06,0.0
toll,2,4.08,0.0
topple,2,2.95,0.0
torture,2,4.15,0.0
touchy,2,3.14,0.0
toxic,2,4.24,0.0
trademark,2,3.89,0.0
traffic,2,4.85,0.0
tragedy,2,4.14,0.0
trainee,2,3.43,0.0
traitorous,2,2.67,0.0
transfer,2,4.72,0.0
translate,2,3.93,0.0
translation,2,4.39,0.0
transmission,2,4.33,0.0
transmit,2,3.67,0.0
transparent,2,4.01,0.0
trapping,2,3.38,0.0
travail,2,2.51,0.0
tremendous,2,4.07,0.0
triangulate,2,2.17,0.0
trio,2,3.94,0.0
triple,2,4.31,0.0
triptophagea,2,0.0,0.0
trivial,2,3.66,0.0
trot,2,3.21,0.0
trudge,2,2.4,0.0
trunk,2,4.03,0.0
tuft,2,2.56,0.0
tug,2,3.5,0.0
turbine,2,3.63,0.0
turquoise,2,3.33,0.0
twenty-kilometer,2,3.18,0.0
twentyfour,2,1.47,0.0
twilight,2,3.82,0.0
two-person,2,5.44,0.0
unconventional,2,3.42,0.0
underside,2,3.24,0.0
undo,2,3.57,0.0
unease,2,2.78,0.0
uneasily,2,2.33,0.0
unendurably,2,0.0,0.0
unfit,2,3.52,0.0
unforeseen,2,3.17,0.0
unhappy,2,4.06,0.0
unharmed,2,3.12,0.0
unhurried,2,2.15,0.0
union,2,5.08,0.0
uniqueness,2,3.21,0.0
unite,2,3.9,1.0
unlikely,2,4.31,0.0
unlucky,2,3.63,0.0
unnatural,2,3.48,0.0
unnerve,2,1.91,0.0
unquenchable,2,2.31,0.0
unravel,2,3.19,0.0
unwill,2,0.0,0.0
unworthy,2,3.2,0.0
urgent,2,4.15,0.0
usage,2,4.23,0.0
utilize,2,3.75,0.0
utter,2,3.85,0.0
vanish,2,3.39,0.0
vantage,2,3.28,0.0
veer,2,3.02,0.0
vegetation,2,3.77,0.0
venomous,2,3.08,0.0
vent,2,3.8,0.0
version,2,5.07,0.0
vessel,2,4.27,0.0
veto,2,3.65,0.0
vibrate,2,3.06,0.0
victim,2,4.56,0.0
viewscreens,2,0.0,0.0
virtually,2,4.26,0.0
vocal,2,4.16,0.0
volume,2,4.76,0.0
vulnerability,2,3.7,0.0
waddle,2,2.58,0.0
waffle,2,3.3,0.0
wakefulness,2,2.36,0.0
war-tear,2,4.32,0.0
warmly,2,3.24,0.0
warship,2,3.15,0.0
wary,2,3.57,0.0
watery,2,3.19,0.0
weakly,2,3.17,0.0
weaponry,2,3.36,0.0
weary,2,3.61,0.0
weld,2,3.33,0.0
western,2,5.01,0.0
wetness,2,2.61,0.0
wherever,2,4.27,0.0
whichever,2,3.7,0.0
whistle,2,3.88,0.0
wick,2,3.34,0.0
wide-eye,2,4.69,0.0
wiggle,2,3.26,0.0
willingness,2,3.82,0.0
wiry,2,2.51,0.0
wisdom,2,4.3,0.0
wistful,2,2.71,0.0
wither,2,3.02,0.0
withhold,2,3.28,0.0
womb,2,3.63,0.0
wookiee,2,2.1,1.0
wookiees,2,1.72,1.0
worldview,2,3.26,0.0
worship,2,4.29,0.0
wow,2,4.96,0.5
wrath,2,3.7,0.0
wreckage,2,3.29,0.0
wretched,2,3.37,0.0
wriggle,2,2.59,0.0
www,2,3.37,0.0
xyathone,2,0.0,1.0
yearn,2,2.97,0.0
zigzag,2,2.82,0.0
America,1,5.22,1.0
Broca,1,1.84,0.0
Continental,1,4.02,0.0
Devon,1,3.84,1.0
Harry,1,4.72,0.0
Jan,1,4.51,0.0
Jason,1,4.46,1.0
June,1,5.21,1.0
Phoenix,1,4.21,0.0
Susan,1,4.24,1.0
Toronto,1,4.49,1.0
a-nine,1,4.87,1.0
abbreviate,1,2.23,0.0
abet,1,2.41,0.0
abide,1,3.59,0.0
ablution,1,2.11,0.0
abnormal,1,3.71,0.0
abnormally,1,3.07,0.0
abode,1,3.13,0.0
absorbable,1,2.16,0.0
absorber,1,2.71,0.0
absorption,1,3.66,0.0
abstract,1,4.14,0.0
absurdity,1,3.21,0.0
abuse,1,4.66,0.0
academic,1,4.57,0.0
acceptance,1,4.16,0.0
accompaniment,1,3.22,0.0
accomplice,1,3.22,0.0
accusation,1,3.6,0.0
achievement,1,4.36,0.0
achingly,1,2.15,0.0
acklay,1,0.0,0.0
acknowledgment,1,3.11,0.0
acold,1,0.0,0.0
acolyte,1,2.41,0.0
acquaintance,1,3.55,0.0
acquiesce,1,2.48,0.0
acquit,1,2.58,0.0
acrobat,1,2.72,0.0
actionable,1,3.0,0.0
actuality,1,3.1,0.0
acute,1,4.0,0.0
acutely,1,3.13,0.0
acuteness,1,1.89,0.0
addiction,1,4.14,0.0
addition,1,5.01,0.0
adept,1,3.33,1.0
adherence,1,3.34,0.0
adjudge,1,1.54,0.0
administration,1,4.93,0.0
admiringly,1,2.05,0.0
admission,1,4.15,0.0
admonish,1,2.29,0.0
adolescence,1,3.36,0.0
adolescent,1,3.58,0.0
adopt,1,4.19,0.0
adoringly,1,1.81,0.0
adroitness,1,1.48,0.0
adventurous,1,3.48,0.0
aerobic,1,3.19,0.0
aesthetically,1,3.19,0.0
aesthetics,1,3.59,0.0
affirmative,1,3.57,1.0
afield,1,3.0,0.0
aflame,1,2.46,0.0
afore,1,2.42,0.0
aft,1,3.39,0.0
aftereffect,1,1.67,0.0
afternoon,1,4.72,0.0
aggravate,1,2.8,0.0
aggregate,1,3.94,0.0
aggressively,1,3.63,0.0
aggresssion,1,0.0,0.0
agile,1,3.41,0.0
agitation,1,3.19,0.0
agonize,1,2.14,0.0
agreeable,1,3.19,0.0
agricultural,1,4.34,0.0
agriculture,1,4.37,0.0
ahem,1,3.25,0.0
aimless,1,2.65,0.0
aircar,1,1.09,0.0
albeit,1,3.91,0.0
alight,1,3.0,0.0
align,1,3.63,0.0
alike,1,4.13,0.0
alkaline,1,3.25,0.0
all-clone,1,3.68,0.0
all-out,1,6.14,0.0
allegation,1,3.5,0.0
alleyway,1,2.75,0.0
allot,1,2.79,0.0
aloft,1,3.08,0.0
aloofness,1,2.13,0.0
alphanumeric,1,2.46,0.0
altair,1,2.49,1.0
alter,1,4.05,0.0
alternate,1,4.11,0.0
amaze,1,3.19,0.0
amber,1,3.97,0.0
ambience,1,2.94,0.0
ambient,1,3.62,0.0
ambivalence,1,2.8,0.0
amid,1,3.95,0.0
amino,1,3.72,0.0
amiss,1,2.93,0.0
ammo,1,3.48,0.0
ammunition,1,3.91,0.0
amnesty,1,3.63,0.0
amoeba,1,2.64,0.0
amphibian,1,2.72,0.0
ample,1,3.71,0.0
anatomical,1,3.21,0.0
ancestry,1,3.5,0.0
androgynously,1,0.0,0.0
animation,1,4.18,0.0
antagonistic,1,3.02,0.0
antar,1,2.17,1.0
antenna,1,3.77,0.0
anticipatory,1,2.39,0.0
antisocial,1,3.13,0.0
antitoxin,1,2.07,0.0
antiviral,1,2.83,0.0
anxious,1,4.09,0.0
apologize,1,4.16,0.0
apology,1,4.05,0.0
apparition,1,2.86,0.0
appellation,1,2.76,0.0
appendage,1,2.76,0.0
appetizer,1,2.86,0.0
apply,1,4.81,0.0
appreciation,1,4.12,0.0
apprehend,1,3.02,0.0
apprenticeship,1,3.47,0.0
approbation,1,2.3,0.0
aproned,1,1.11,0.0
apted,1,1.55,1.0
aratech,1,0.0,1.0
arc-speak,1,4.15,1.0
archaic,1,3.36,0.0
architectural,1,3.96,0.0
arduous,1,3.18,0.0
argumentative,1,2.89,0.0
aridity,1,1.97,0.0
armlock,1,1.24,0.0
armor-piercing,1,3.42,0.0
armorpiercing,1,0.0,0.0
armpit,1,3.0,0.0
aroma,1,3.23,0.0
arrogant,1,3.74,0.0
artifice,1,2.58,0.0
artist,1,4.8,0.0
artistic,1,4.17,0.0
asajjventress,1,0.0,1.0
ascent,1,3.42,0.0
ash,1,4.16,0.0
askance,1,2.1,0.0
asouthern,1,0.0,1.0
aspiration,1,3.3,0.0
assassinate,1,3.2,0.0
assess,1,4.07,0.0
asset,1,4.23,0.0
assign,1,3.66,0.0
assorted,1,3.28,0.0
astonishingly,1,2.86,0.0
astonishment,1,2.86,0.0
astringent,1,2.51,0.0
astute,1,3.1,0.0
atomizer,1,2.4,0.0
atrivis-seven,1,0.0,1.0
attain,1,3.6,0.0
attentive,1,3.3,0.0
attraction,1,4.11,0.0
attribute,1,3.77,0.0
audible,1,3.45,0.0
augment,1,3.19,0.0
augur,1,2.48,0.0
aunt,1,4.16,0.0
authentication,1,3.35,0.0
author,1,4.95,0.0
automate,1,3.08,0.0
avalanche,1,3.48,0.0
avatar,1,3.69,0.0
avenue,1,4.43,0.0
aversion,1,3.25,0.0
awash,1,2.76,0.0
awesome,1,4.92,0.0
awfully,1,3.41,0.0
awkwardly,1,3.25,0.0
axiom,1,3.02,0.0
axle,1,3.49,0.0
aye,1,3.89,0.0
back-alley,1,3.87,0.0
backfire,1,3.11,0.0
backing,1,4.23,0.0
backpack,1,3.78,0.0
backtrack,1,2.72,0.0
backwards,1,4.04,0.0
badge,1,4.02,0.0
badlands,1,2.83,1.0
bafflingly,1,1.7,0.0
bait,1,3.85,0.0
bald-pated,1,1.38,0.0
baldly,1,1.87,0.0
balletic,1,1.72,0.0
ballroom,1,3.52,0.0
balmorra,1,0.0,1.0
bandage,1,3.24,0.0
bang-slap,1,3.81,0.0
banish,1,3.07,0.0
banthaweed,1,0.0,0.0
barbecue,1,3.62,0.0
bargainer,1,1.14,0.0
barge,1,3.5,0.0
baseline,1,3.7,0.0
basics,1,3.82,0.0
basis,1,4.81,0.0
batde,1,0.0,1.0
bath,1,4.44,0.0
bathe,1,3.22,0.0
battery,1,4.52,0.0
battle-scar,1,3.74,0.0
bawl,1,2.32,0.0
beacon-mark,1,3.72,0.0
bead,1,3.44,0.0
bearing,1,4.22,0.0
beating,1,4.43,0.0
beck,1,3.71,0.0
bedchamber,1,2.47,0.0
bedrock,1,3.28,0.0
bedroom,1,4.46,0.0
beep,1,3.45,0.0
beforekenobi,1,0.0,0.0
befriend,1,2.93,0.0
beggar,1,3.17,0.0
behead,1,2.71,0.0
behold,1,3.76,0.0
behoove,1,2.09,0.0
bejewel,1,0.0,0.0
belated,1,3.02,0.0
bell,1,4.59,0.0
beltwalk,1,0.0,0.0
bemuse,1,1.22,0.0
bid,1,4.4,0.0
bidder,1,3.48,0.0
bill,1,5.15,0.0
binding,1,4.14,0.0
bioconstructs,1,0.0,0.0
biodroids,1,0.0,0.0
biotechnology,1,3.42,0.0
birthright,1,3.02,0.0
bith,1,1.73,1.0
bizarrely,1,2.66,0.0
black-and-red,1,5.08,0.0
blackmail,1,3.44,0.0
blanch,1,2.54,0.0
blandly,1,2.05,0.0
blare,1,2.39,0.0
blasterfire,1,0.0,0.0
bleach,1,3.51,0.0
bleary,1,2.22,0.0
bleed,1,3.72,0.0
blessedly,1,1.95,0.0
blindfold-induce,1,2.73,0.0
blindingly,1,2.3,0.0
blindness,1,3.44,0.0
blissful,1,3.0,0.0
bloat,1,2.6,0.0
blockade,1,3.57,0.0
blond-haired,1,3.32,0.0
blotch,1,2.28,0.0
blue-skin,1,4.71,0.0
blue-veined,1,2.33,0.0
blurry,1,3.27,0.0
boastful,1,2.5,0.0
bodily,1,3.78,0.0
bog,1,3.34,0.0
boisterous,1,2.86,0.0
bold,1,4.26,0.0
boldly,1,3.28,0.0
bonadan,1,0.0,1.0
bondage,1,3.46,0.0
bone-break,1,4.39,0.0
bonelessly,1,0.0,0.0
border,1,4.7,0.0
borleias,1,0.0,1.0
boss,1,4.76,0.0
bothan,1,1.35,1.0
bottlebred,1,0.0,0.0
boulevard,1,3.7,1.0
bouncy,1,3.17,0.0
box-seat,1,4.61,0.0
brag,1,3.49,0.0
brainless,1,2.75,0.0
brandy,1,3.51,0.0
brat,1,3.45,0.0
brawler,1,2.43,0.0
bray,1,3.31,0.0
breadth,1,3.47,0.0
breakdown,1,4.1,0.0
breakfast,1,4.61,0.0
breakthrough,1,3.83,0.0
breathtaking,1,3.6,0.0
brick,1,4.25,0.0
briefcase,1,3.09,0.0
brim,1,3.06,0.0
briskly,1,2.6,0.0
brittle,1,3.28,0.0
broad-face,1,4.48,0.0
broad-shoulder,1,4.21,0.0
broadcasting,1,4.02,0.0
broken-rhythm,1,3.99,0.0
broker,1,3.89,0.0
bronze,1,4.2,0.0
broodmate,1,0.0,0.0
brothn,1,0.0,0.0
brutally,1,3.59,0.0
builder,1,3.85,0.0
built-in,1,5.07,0.0
bulk,1,4.19,0.0
bungle,1,2.41,0.0
burble,1,1.73,0.0
bureaucrat,1,2.84,0.0
burg,1,2.81,0.0
burly,1,2.82,0.0
burp,1,2.81,0.0
busily,1,2.57,0.0
buttock,1,2.48,0.0
by-station,1,5.0,0.0
bypass,1,3.76,0.0
byplay,1,1.05,0.0
cabal,1,3.04,0.0
cabinet,1,4.49,0.0
cake,1,4.53,0.0
calamarian,1,0.0,1.0
calculate,1,3.87,0.0
calibration,1,3.34,0.0
callow,1,2.46,0.0
campfire,1,3.1,0.0
cancel,1,4.18,0.0
canopy,1,3.52,0.0
canyon,1,3.96,0.0
capacitance,1,2.86,0.0
capitulate,1,2.5,0.0
captaincy,1,2.98,0.0
captivate,1,2.52,0.0
captor,1,2.57,0.0
carcass,1,3.21,0.0
caregiver,1,3.11,0.0
caricature,1,3.19,0.0
carnage,1,3.3,0.0
carriage,1,3.85,0.0
carrier,1,4.29,0.0
cartwheel,1,2.45,0.0
casserole,1,3.07,0.0
cataloging-in-publication,1,2.67,1.0
catastophe,1,0.0,0.0
catchup,1,2.14,0.0
category,1,4.57,0.0
caterwaul,1,1.06,0.0
catwalk,1,2.99,0.0
cauldron,1,3.06,0.0
caustic,1,2.97,0.0
cavalcade,1,2.52,0.0
cave-dwelling,1,3.61,0.0
cavernous,1,2.75,0.0
celsius,1,3.29,1.0
censure,1,2.94,0.0
centerpiece,1,3.1,0.0
centigram,1,0.0,0.0
centralia,1,2.33,1.0
century-old,1,4.95,0.0
cephalopod,1,2.08,0.0
cephalopodan,1,0.0,0.0
ceramic,1,3.74,0.0
ceremonial,1,3.49,0.0
cerulean-vest,1,2.28,0.0
cessation,1,3.25,0.0
cesspool,1,2.68,0.0
cesta,1,1.46,1.0
cestusbound,1,0.0,1.0
chair-arm,1,4.41,0.0
chandrilan,1,0.0,1.0
chant,1,3.6,0.0
chaotic,1,3.67,0.0
chapter,1,4.65,0.0
character,1,5.11,0.0
charade,1,2.9,0.0
charisma,1,3.34,0.0
charnel,1,2.05,0.0
chart,1,4.47,0.0
chasm,1,2.96,0.0
chat,1,4.57,0.0
chauffeur,1,3.17,0.0
chaw,1,2.01,0.0
cheaply,1,3.28,0.0
cheat,1,4.06,0.0
cheesy,1,3.58,0.0
chemical,1,4.57,0.0
cherish,1,3.52,0.0
chest-high,1,4.5,0.0
chewy,1,2.94,0.0
chide,1,2.18,0.0
chikat,1,0.0,1.0
childish,1,3.73,0.0
childless,1,3.06,0.0
chipple,1,0.0,1.0
chisel,1,2.96,0.0
chitin,1,2.24,0.0
chitter,1,1.47,0.0
chord,1,3.65,0.0
choreography,1,3.49,0.0
chorus,1,3.9,0.0
christen,1,2.63,0.0
chrome,1,3.9,0.0
chubby,1,3.43,0.0
chute,1,3.19,0.0
circuitry,1,3.07,0.0
cite,1,3.67,0.0
cityscape,1,2.63,0.0
citywide,1,2.81,0.0
civic,1,4.0,0.0
civil,1,4.93,0.0
clan-cluster,1,3.68,0.0
clandestine,1,3.21,0.0
clank,1,2.66,0.0
clarify,1,3.85,0.0
clatter,1,2.65,0.0
claustrophobia,1,2.56,0.0
cleanse,1,3.47,0.0
clearing,1,4.04,0.0
clemency,1,2.97,0.0
cleverly,1,3.18,0.0
click,1,4.82,0.0
clientele,1,3.22,0.0
cliff,1,4.1,0.0
clip,1,4.26,0.0
clog,1,2.99,0.0
clone-test,1,3.67,0.0
close-up,1,5.32,0.0
closed-fist,1,3.85,0.0
cloud-mantle,1,3.56,0.0
cloudy,1,3.55,0.0
cloyingly,1,1.44,0.0
clue,1,4.18,0.0
clump,1,2.94,0.0
clusterwedding,1,0.0,0.0
coal,1,4.49,0.0
coarse-clothe,1,2.66,0.0
coat,1,4.36,0.0
coating,1,3.71,0.0
coax,1,2.96,0.0
cockpit,1,3.6,0.0
coerce,1,2.86,0.0
coffer,1,2.18,0.0
coffin,1,3.8,0.0
cog,1,3.01,0.0
cohesive,1,3.31,0.0
coincidentally,1,3.24,0.0
coldly,1,2.69,0.0
coldness,1,2.64,0.0
coliseum,1,3.17,0.0
collaboration,1,4.28,0.0
collaborator,1,3.16,0.0
collation,1,2.61,0.0
colleague,1,3.98,0.0
college,1,5.27,1.0
colonist,1,2.53,0.0
colophon,1,2.15,0.0
color-camouflage,1,3.41,0.0
color-code,1,4.69,0.0
coloration,1,3.01,0.0
column,1,4.33,0.0
coma-like,1,3.74,0.0
comb,1,3.52,0.0
combatant,1,2.92,0.0
comeuppance,1,2.34,0.0
comfortably,1,3.74,0.0
commencement,1,3.48,0.0
commitment,1,4.43,0.0
commonly,1,4.38,0.0
companionable,1,1.84,0.0
companionship,1,3.19,0.0
comparable,1,4.08,0.0
comparatively,1,3.51,0.0
compare,1,4.45,0.0
compassion,1,3.95,0.0
compel,1,3.28,0.0
competence,1,3.58,0.0
competency,1,3.27,0.0
complacency,1,3.05,0.0
complainer,1,2.21,0.0
complaint,1,4.32,0.0
complexity,1,4.02,0.0
complicate,1,3.26,0.0
complicit,1,3.19,0.0
compliment,1,3.91,0.0
comply,1,4.04,0.0
compunction,1,2.19,0.0
computer-generate,1,4.15,0.0
con,1,4.28,0.0
concavity,1,1.85,0.0
concede,1,3.48,0.0
concession,1,3.57,0.0
concierge,1,3.13,0.0
conclave,1,2.81,0.0
condensation,1,3.12,0.0
condenser,1,2.86,0.0
conductor,1,3.8,0.0
confederation,1,3.45,1.0
conference,1,5.01,0.0
configure,1,3.03,0.0
conflagration,1,2.57,0.0
conform,1,3.53,0.0
conglomerate,1,3.39,0.0
congratulation,1,2.73,0.0
congress,1,4.9,1.0
conqueror,1,3.21,0.0
consensus,1,4.1,0.0
consent,1,4.36,0.0
consequently,1,3.94,0.0
considerate,1,3.3,0.0
consistent,1,4.48,0.0
conspiratorial,1,2.56,0.0
conspiratorially,1,1.72,0.0
consternation,1,2.81,0.0
constituent,1,3.58,0.0
constitute,1,3.85,0.0
consumer,1,4.56,0.0
consummate,1,3.04,0.0
contemplation,1,3.15,0.0
contemplative,1,2.89,0.0
contentedly,1,2.21,0.0
contingent,1,3.69,0.0
contort,1,2.03,0.0
contribute,1,4.34,0.0
conundrum,1,3.0,0.0
convenience,1,4.02,0.0
convenient,1,4.15,0.0
convention,1,4.5,1.0
converge,1,3.23,0.0
conversational,1,3.11,0.0
converter,1,3.41,0.0
conveyer,1,2.03,0.0
cooperation,1,4.3,0.0
cope,1,4.04,0.0
copper,1,4.27,0.0
coppery,1,2.1,0.0
coppery-brown,1,2.1,0.0
cord,1,3.98,0.0
cordlike,1,0.0,0.0
cork,1,3.71,0.0
corosian,1,0.0,1.0
corporeal,1,2.63,0.0
corps,1,4.27,0.0
corpse,1,3.76,0.0
correction,1,3.95,0.0
cortao,1,0.0,1.0
corthenian,1,0.0,1.0
cosmetic,1,3.71,0.0
cosmos,1,3.51,0.0
costly,1,3.93,0.0
coterie,1,2.49,0.0
counteraction,1,1.56,0.0
counterassault,1,0.0,0.0
counterattack,1,2.88,0.0
counterblasting,1,0.0,0.0
countermand,1,1.8,0.0
countermove,1,1.3,0.0
counteroperation,1,0.0,0.0
counterpoint,1,3.11,0.0
coup,1,4.0,0.0
courageously,1,2.65,0.0
courtier,1,2.64,0.0
courtly,1,2.59,0.0
covert,1,3.54,0.0
craftspeople,1,2.17,0.0
cram,1,3.14,0.0
crane,1,3.92,0.0
craze,1,3.35,0.0
crazily,1,2.49,0.0
cream,1,4.62,0.0
creation,1,4.56,0.0
creative,1,4.6,0.0
creativity,1,4.01,0.0
crescent,1,3.57,0.0
crevice,1,2.62,0.0
crime,1,4.89,0.0
crisp,1,3.7,0.0
criticize,1,3.63,0.0
cron,1,2.49,1.0
croon,1,2.2,0.0
crop,1,4.15,0.0
crossing,1,4.33,0.0
crowbar,1,2.72,0.0
crown,1,4.56,0.0
crumple,1,2.32,0.0
crust,1,3.7,0.0
crustacean,1,2.56,0.0
crystalline,1,3.24,0.0
ct-three-six,1,4.07,0.0
cultivation,1,3.63,0.0
cultural,1,4.75,0.0
cunning,1,3.45,0.0
cunningly,1,2.35,0.0
cup-lip,1,4.09,0.0
currency,1,4.37,0.0
curriculum,1,4.12,0.0
curtail,1,2.98,0.0
cuse,1,2.39,1.0
custodian,1,3.12,0.0
cutting,1,4.61,0.0
cybot,1,0.0,1.0
cyclopean,1,1.79,0.0
cylindrical,1,3.34,0.0
dagger,1,3.54,0.0
daily,1,5.07,0.0
dais,1,2.62,0.0
dam,1,4.17,0.0
dame,1,3.96,1.0
damper,1,2.94,0.0
dancer,1,3.99,0.0
dangle,1,2.92,0.0
dark-eye,1,4.73,0.0
dark-skinned,1,3.53,0.0
darkly,1,2.97,0.0
darkskinned,1,1.03,0.0
database,1,4.31,0.0
datadisk,1,0.0,0.0
datapads,1,0.0,0.0
date,1,5.22,0.0
daylight,1,3.84,0.0
dazedly,1,1.18,0.0
de,1,5.23,0.0
deadfalls,1,0.0,0.0
deadweight,1,2.32,0.0
dealing,1,4.6,0.0
debacle,1,3.21,0.0
debilitate,1,1.7,0.0
decanter,1,2.53,0.0
decay,1,3.83,0.0
deceleration,1,2.73,0.0
decency,1,3.5,0.0
decent-size,1,4.33,0.0
deceptionis,1,0.0,1.0
declamatory,1,1.69,0.0
decode,1,3.02,0.0
decompress,1,2.47,0.0
decoration,1,3.82,0.0
decree,1,3.82,0.0
decrypt,1,2.68,0.0
defer,1,3.2,0.0
deferential,1,2.38,0.0
defiance,1,3.48,0.0
definitely,1,4.96,0.0
definitive,1,3.8,0.0
deflate,1,2.61,0.0
deflection,1,3.22,0.0
defocus,1,1.71,0.0
deform,1,2.5,0.0
defy,1,3.42,0.0
degrade,1,3.28,0.0
deign,1,2.26,0.0
dejarik,1,0.0,0.0
delegation,1,3.92,0.0
deliberate,1,3.82,0.0
deliberation,1,3.06,0.0
delicacy,1,3.18,0.0
delicately,1,3.05,0.0
deliriously,1,2.17,0.0
delreydigital,1,0.0,0.0
demeanor,1,3.2,0.0
demicot,1,0.0,0.0
demolition,1,3.62,0.0
dependence,1,3.66,0.0
depthsuit,1,0.0,0.0
depthsuits,1,0.0,0.0
derelict,1,3.1,0.0
derision,1,2.8,0.0
derisively,1,2.29,0.0
describe,1,4.56,0.0
description,1,4.73,0.0
desertscape,1,0.0,0.0
designation,1,3.76,0.0
despise,1,3.5,0.0
destine,1,1.72,0.0
destructive,1,3.89,0.0
detailed,1,4.51,0.0
detection,1,4.06,0.0
detector,1,3.71,0.0
determination,1,4.16,0.0
develop,1,4.75,0.0
development,1,5.31,0.0
deviation,1,3.4,0.0
devoid,1,3.42,0.0
devour,1,3.17,0.0
dexterity,1,3.07,0.0
dexterous,1,2.28,0.0
diagnostic,1,3.83,0.0
diagnostics,1,3.21,0.0
diagonal,1,3.36,0.0
diagram,1,3.85,0.0
dialect,1,3.54,0.0
diameter,1,4.08,0.0
diet,1,4.57,0.0
differential,1,3.83,0.0
differentiation,1,3.49,0.0
digest,1,3.71,0.0
digestive,1,3.46,0.0
dignify,1,2.34,0.0
digression,1,2.25,0.0
dilettante,1,2.28,0.0
dimension,1,4.02,0.0
dimensional,1,4.03,0.0
din,1,3.56,0.0
ding,1,3.63,0.0
diode,1,3.06,0.0
dip,1,4.05,0.0
dire,1,3.66,0.0
directional,1,3.38,0.0
directive,1,3.71,0.0
disappearance,1,3.74,0.0
disappoint,1,3.67,0.0
disarmingly,1,1.88,0.0
disastrous,1,3.68,0.0
disband,1,2.87,0.0
disbelieve,1,2.51,0.0
discern,1,3.23,0.0
discernible,1,2.97,0.0
disclose,1,3.84,0.0
disclosure,1,4.0,0.0
discomfit,1,1.22,0.0
discomfiture,1,1.63,0.0
disconnect,1,3.46,0.0
discretion,1,3.9,0.0
disdain,1,3.33,0.0
disease,1,4.9,0.0
disen,1,0.0,0.0
disenfranchise,1,2.28,0.0
disgorge,1,1.78,0.0
dish,1,4.21,0.0
dishonor,1,2.88,0.0
disintegrate,1,2.88,0.0
disklike,1,0.0,0.0
dislike,1,3.89,0.0
dislodge,1,2.79,0.0
dismount,1,2.61,0.0
disorganize,1,1.45,0.0
disorient,1,1.94,0.0
dispassion,1,1.66,0.0
dispersement,1,1.04,0.0
dispirit,1,1.13,0.0
displease,1,2.2,0.0
disposal,1,4.0,0.0
disreputable,1,2.47,0.0
disruption,1,3.71,0.0
dissonance,1,3.02,0.0
distinct,1,4.29,0.0
distraught,1,3.15,0.0
district,1,5.04,0.0
disturbance,1,3.61,0.0
dither,1,2.11,0.0
ditty,1,2.58,0.0
diverse,1,4.24,0.0
diversity,1,4.32,0.0
divine,1,4.24,0.0
division,1,4.86,0.0
docufile,1,0.0,0.0
docufiles,1,0.0,0.0
doin,1,3.8,0.0
dome-shape,1,3.84,0.0
domestic,1,4.69,0.0
dominance,1,3.83,0.0
dominant,1,4.23,0.0
domination,1,3.7,0.0
don,1,4.6,0.0
dormitory,1,3.12,0.0
dosage,1,3.52,0.0
double-length,1,4.57,0.0
doubling,1,3.61,0.0
doubtful,1,3.52,0.0
doubtlessly,1,2.09,0.0
dove,1,3.67,0.0
downhill,1,3.66,0.0
downslope,1,1.92,0.0
dragon,1,4.41,0.0
drastic,1,3.63,0.0
drastically,1,3.65,0.0
dreamy,1,3.23,0.0
dredge,1,3.04,0.0
drool,1,3.04,0.0
drop-off,1,4.94,0.0
droplet,1,2.74,0.0
dropshaft,1,0.0,0.0
drowning,1,3.77,0.0
drum,1,4.11,0.0
drunk,1,4.61,0.0
drunken,1,3.66,0.0
dual,1,4.28,0.0
dubious,1,3.49,0.0
duck,1,4.21,0.0
due-Barnes,1,3.92,1.0
duffel,1,2.73,0.0
duly,1,3.44,0.0
durable,1,3.68,0.0
dust-blow,1,4.19,0.0
dwell,1,3.57,0.0
dynastic,1,2.77,0.0
ear-grating,1,3.12,0.0
eastern,1,4.78,0.0
eavesdrop,1,2.48,0.0
economical,1,3.59,0.0
economics,1,4.42,0.0
ed,1,4.79,0.0
edgy,1,3.39,0.0
edit,1,4.3,0.0
edition,1,4.8,1.0
education,1,5.28,0.0
educationally,1,2.35,0.0
eellight,1,0.0,0.0
effectiveness,1,4.05,0.0
effeminacy,1,1.71,0.0
efficient,1,4.42,0.0
effortless,1,3.14,0.0
egotistical,1,2.75,0.0
eightlegged,1,0.0,0.0
ejection,1,3.07,0.0
elective,1,3.32,0.0
electric,1,4.72,0.0
electrify,1,2.36,0.0
electronically,1,3.28,0.0
electronics,1,4.19,0.0
elevate,1,3.38,0.0
eliminate,1,4.15,0.0
elite,1,4.4,0.0
elsewhere,1,4.46,0.0
embargo,1,3.31,0.0
embassy,1,4.13,0.0
ember,1,2.97,0.0
embrace,1,4.16,0.0
embroil,1,1.72,0.0
emerald-eye,1,3.58,0.0
emerald-skin,1,3.58,0.0
emissary,1,2.84,0.0
emotionless,1,2.72,0.0
emphatically,1,3.07,0.0
employ,1,3.96,0.0
empty-hand,1,4.53,0.0
encumber,1,1.68,0.0
encyclopedia,1,3.52,0.0
end-over-end,1,5.3,0.0
endangered,1,3.86,0.0
ending,1,4.68,0.0
endlessly,1,3.46,0.0
energize,1,2.76,0.0
engross,1,1.8,0.0
enhance,1,4.04,0.0
enjoyable,1,3.91,0.0
enlist,1,3.37,0.0
enrich,1,3.3,0.0
ensemble,1,3.72,0.0
ensue,1,2.91,0.0
entail,1,3.21,0.0
entangle,1,2.2,0.0
enterprising,1,2.95,0.0
enthrall,1,1.74,0.0
enthusiastically,1,3.25,0.0
entreaty,1,1.87,0.0
entrust,1,2.87,0.0
entry,1,4.67,0.0
envelop,1,2.48,0.0
envenom,1,1.17,0.0
enviable,1,2.87,0.0
envie,1,1.67,0.0
environs,1,2.91,0.0
envision,1,3.17,0.0
envoy,1,3.48,0.0
epoxy,1,3.1,0.0
equate,1,3.2,0.0
equip,1,3.5,0.0
equitable,1,3.36,0.0
equivilent,1,0.0,0.0
er,1,4.24,0.0
erase,1,3.66,0.0
erudition,1,2.39,0.0
escalation,1,3.32,0.0
esoteric,1,3.17,0.0
eternal,1,4.11,0.0
ethereal,1,3.2,0.0
etti,1,1.35,1.0
evacuation,1,3.74,0.0
evanescence,1,2.35,0.0
evaporate,1,3.01,0.0
evasively,1,1.55,0.0
evenly,1,3.65,0.0
eventual,1,3.73,0.0
ever-bribable,1,0.0,0.0
everyday,1,4.47,0.0
evident,1,3.99,0.0
evolution,1,4.41,0.0
evolve,1,3.8,0.0
exact,1,4.51,0.0
exactingly,1,1.12,0.0
exaggeration,1,3.3,0.0
exasperate,1,1.9,0.0
exceedingly,1,3.35,0.0
excel,1,3.73,0.0
excellence,1,4.07,0.0
exclusively,1,4.24,0.0
execution,1,4.29,0.0
exhaustive,1,3.3,0.0
exhilarate,1,1.36,0.0
exotica,1,2.06,0.0
expansive,1,3.38,0.0
expectation,1,3.99,0.0
expel,1,3.26,0.0
expend,1,2.9,0.0
expendable,1,2.96,0.0
expense,1,4.23,0.0
experiment,1,4.38,0.0
experimentally,1,3.01,0.0
explorer,1,3.85,0.0
expunge,1,2.27,0.0
exquisite,1,3.61,0.0
extension,1,4.46,0.0
extensive,1,4.49,0.0
exterminate,1,2.91,0.0
extermination,1,3.13,0.0
extraordinaire,1,2.65,0.0
extraordinarily,1,3.42,0.0
extremist,1,3.46,0.0
extrude,1,1.98,0.0
eye-numb,1,3.52,0.0
eye-sear,1,2.71,0.0
eyelid,1,3.01,0.0
fabulously,1,2.69,0.0
facade,1,3.42,0.0
faceless,1,2.98,0.0
facilty,1,0.0,0.0
facto,1,3.58,0.0
failing,1,4.3,0.0
faint,1,3.78,0.0
fake,1,4.65,0.0
falleen,1,0.0,1.0
familiarity,1,3.4,0.0
familiarize,1,2.79,0.0
fanfare,1,3.2,0.0
fang,1,3.34,0.0
fantasize,1,2.82,0.0
fantastic,1,4.71,0.0
fantasy,1,4.52,0.0
fanteel,1,0.0,0.0
fascinate,1,2.51,0.0
fascination,1,3.48,0.0
fashionable,1,3.65,0.0
fast-pace,1,4.31,0.0
favorably,1,3.2,0.0
favorite,1,4.97,0.0
fealty,1,2.64,0.0
fear-thing,1,4.88,0.0
fearsome,1,3.05,0.0
fee,1,4.51,0.0
feedback,1,4.32,0.0
felinoid,1,0.0,0.0
feltmattered,1,0.0,0.0
feminine,1,3.91,0.0
feminization,1,2.38,0.0
feminize,1,1.53,0.0
feral,1,3.29,0.0
ferocious,1,3.21,0.0
fertilization,1,3.05,0.0
fervently,1,2.78,0.0
feverish,1,2.82,0.0
fiasco,1,3.3,0.0
fiber,1,4.06,0.0
fibersaws,1,0.0,0.0
fictitiously,1,1.55,0.0
fiery,1,3.57,0.0
fifty-kilometer-wide,1,3.15,0.0
figurehead,1,2.81,0.0
filling,1,4.19,0.0
filmy,1,2.13,0.0
finality,1,2.62,0.0
finance,1,4.65,0.0
financially,1,3.98,0.0
finely,1,3.52,0.0
fineness,1,2.3,0.0
finesse,1,3.18,0.0
fingerboard,1,2.26,0.0
fire-breathing,1,4.24,0.0
fire-sale,1,4.82,0.0
fireball,1,3.18,0.0
firelight,1,2.17,0.0
fireside,1,2.73,0.0
fishy-taste,1,3.26,0.0
fixer,1,3.04,0.0
flail,1,2.55,0.0
flak-catch,1,3.05,0.0
flame-blossom,1,3.49,0.0
flame-scar,1,3.59,0.0
flameknife,1,0.0,0.0
flash-heating,1,3.99,0.0
flask,1,3.2,0.0
flat-bottom,1,4.47,0.0
flavorless,1,2.0,0.0
flaw,1,3.6,0.0
flawless,1,3.6,0.0
flock,1,3.69,0.0
floor-length,1,4.55,0.0
fluster,1,1.79,0.0
flute,1,3.52,0.0
fluttery,1,1.84,0.0
flux-wire,1,3.51,0.0
flyby,1,2.49,0.0
foggy,1,3.19,0.0
foil,1,3.76,0.0
follicle,1,2.8,0.0
follower,1,3.56,0.0
folly,1,3.34,0.0
foment,1,2.4,0.0
fondly,1,3.2,0.0
foolishly,1,2.96,0.0
foothold,1,3.07,0.0
footing,1,3.5,0.0
footnote,1,3.17,0.0
footwork,1,3.12,0.0
force-base,1,4.83,1.0
force-harmony,1,4.08,1.0
force-strong,1,4.92,1.0
forcesensitive,1,0.0,1.0
foresight,1,3.16,0.0
foretell,1,2.31,0.0
forgive,1,4.25,0.0
formality,1,3.15,0.0
formally,1,4.01,0.0
forsake,1,2.91,0.0
fortunately,1,3.97,0.0
forty-eight,1,4.14,0.0
forty-two,1,4.2,0.0
fortyeight,1,0.0,0.0
foul,1,4.05,0.0
four-nine-seven,1,4.61,1.0
four-two-seven,1,4.92,0.0
fourlegged,1,0.0,0.0
fourteen,1,3.88,0.0
fractally,1,0.0,0.0
fractionally,1,2.22,0.0
fragment,1,3.55,0.0
fragrant,1,3.21,0.0
frankly,1,4.05,0.0
frantically,1,3.18,0.0
fraternalism,1,0.0,0.0
free-fly,1,4.7,0.0
freeborn,1,2.14,0.0
freighter,1,3.05,0.0
freighter-size,1,3.05,0.0
frequently,1,4.56,0.0
freshen,1,2.85,0.0
friction,1,3.71,0.0
frigid,1,2.98,0.0
frilly,1,2.51,0.0
fritz,1,3.42,0.0
frostily,1,1.16,0.0
froth,1,2.75,0.0
fruity,1,3.26,0.0
fter,1,1.8,0.0
fulfillment,1,3.44,0.0
full-body,1,5.16,0.0
fun-fun,1,5.0,0.0
functional,1,4.24,0.0
functionality,1,3.7,0.0
fungusfarming,1,0.0,0.0
furious,1,3.98,0.0
furnish,1,3.14,0.0
furniture,1,4.29,0.0
furrow,1,2.57,0.0
furtively,1,2.23,0.0
fuse,1,3.62,0.0
fuss,1,3.62,0.0
gadons,1,0.0,1.0
gage,1,3.22,0.0
galactica,1,2.9,1.0
galaxy-span,1,3.86,0.0
galaxyspanning,1,0.0,0.0
galaxywide,1,0.0,0.0
garden,1,4.77,0.0
gargle,1,2.38,0.0
garnish,1,3.04,0.0
gash,1,2.87,0.0
gauzy,1,2.16,0.0
gelatinous,1,2.53,0.0
gem,1,3.87,0.0
gemstone,1,2.98,0.0
gen,1,4.33,0.0
genderless,1,2.11,0.0
generalize,1,2.91,0.0
genetically,1,3.66,0.0
genetics,1,3.84,0.0
genocide,1,3.91,0.0
gentility,1,2.01,0.0
geological,1,3.82,0.0
geonosians,1,1.12,1.0
gesticulate,1,1.58,0.0
gevarno,1,0.0,1.0
ghostly,1,3.14,0.0
giggle,1,3.35,0.0
girlfriend,1,4.68,0.0
giveaway,1,3.55,0.0
glacial,1,3.39,0.0
glacier,1,3.58,0.0
glass,1,4.85,0.0
glaze,1,3.28,0.0
glazion,1,0.0,0.0
glitch,1,3.45,0.0
global,1,4.95,0.0
glorii,1,0.0,1.0
glove,1,3.73,0.0
glower,1,1.74,0.0
glymph,1,0.0,0.0
glymphids,1,0.0,1.0
goalkeeper,1,3.79,0.0
gob,1,2.7,0.0
god,1,5.57,0.0
goggle-eye,1,2.43,0.0
going,1,5.94,0.0
golden-carapaced,1,0.0,0.0
golden-haired,1,3.66,0.0
golden-tower,1,4.28,0.0
gonna,1,5.29,0.0
goodwill,1,3.67,0.0
gotal,1,0.0,1.0
gotat,1,0.0,0.0
gotty,1,0.0,1.0
gouge,1,2.71,0.0
gown,1,3.75,0.0
gracious,1,3.59,0.0
graciously,1,3.04,0.0
grade,1,4.8,0.0
graffito,1,1.6,0.0
graft,1,3.47,0.0
gramps,1,2.63,1.0
grandeur,1,3.22,0.0
grandparent,1,2.83,0.0
grave,1,4.31,0.0
gravel,1,3.7,0.0
gravely,1,3.09,0.0
gravitational,1,3.49,0.0
gray-beard,1,3.92,0.0
gray-streak,1,3.91,0.0
grease,1,3.72,0.0
great-grandfather,1,4.23,0.0
great-grandson,1,3.85,0.0
greatgrandchildren,1,0.0,0.0
greedy,1,3.75,0.0
green-eyed,1,3.93,0.0
greet,1,3.73,0.0
grievance,1,3.15,0.0
grieve,1,3.33,0.0
gritty,1,3.39,0.0
groggily,1,1.78,0.0
groggy,1,2.61,0.0
grope,1,2.68,0.0
ground-based,1,4.99,0.0
ground-level,1,4.96,0.0
grounding,1,3.26,0.0
groundlevel,1,0.0,0.0
groundquake,1,0.0,0.0
groundquakes,1,0.0,0.0
groundwater,1,3.44,0.0
grubhood,1,0.0,0.0
grudge,1,3.33,0.0
gruel,1,2.44,0.0
gruelingly,1,0.0,0.0
guerrilla,1,3.38,0.0
guild,1,3.93,0.0
guileless,1,1.94,0.0
guise,1,3.47,0.0
gully,1,3.11,0.0
gulp,1,2.93,0.0
gun,1,4.96,0.0
gutter,1,3.38,0.0
hack,1,4.05,0.0
hairline,1,3.07,0.0
half-face,1,5.13,0.0
halo,1,3.75,0.0
hamper,1,3.26,0.0
hand-to-hand,1,5.11,0.0
hand-to-tentacle,1,2.67,0.0
handhold,1,1.86,0.0
handling,1,4.39,0.0
handshake,1,3.36,0.0
handsomely,1,2.88,0.0
handwalked,1,0.0,0.0
hap,1,3.04,0.0
happenstance,1,2.44,0.0
happily,1,4.11,0.0
harassment,1,4.01,0.0
hard-back,1,5.41,0.0
hardwood,1,3.34,0.0
hardy,1,3.86,0.0
hark,1,2.81,0.0
harmlessly,1,2.43,0.0
harry,1,4.72,0.0
harsh,1,4.14,0.0
harshly,1,3.27,0.0
harshness,1,2.65,0.0
hash,1,3.63,0.0
haste,1,3.37,0.0
hasten,1,2.93,0.0
hatch,1,3.82,0.0
haughty,1,2.68,0.0
hazardous,1,3.71,0.0
haze,1,3.42,0.0
headlamp,1,2.53,0.0
headlight,1,2.97,0.0
headwind,1,2.3,0.0
heartbroken,1,3.41,0.0
hearty,1,3.38,0.0
heating,1,4.18,0.0
heavily,1,4.54,0.0
hedge,1,3.74,0.0
heft,1,2.75,0.0
heir,1,3.89,0.0
helpless,1,3.69,0.0
hereabout,1,1.45,0.0
hereditary,1,3.49,0.0
heritage,1,4.36,0.0
heroically,1,2.62,0.0
hesitantly,1,2.44,0.0
hideous,1,3.45,0.0
hierarchy,1,3.78,0.0
high-collar,1,4.03,0.0
high-energy,1,5.11,0.0
high-fly,1,4.71,0.0
high-g,1,4.93,0.0
high-level,1,5.25,0.0
high-priority,1,4.39,0.0
high-status,1,4.82,0.0
hijack,1,3.11,0.0
hilarious,1,4.27,0.0
hilt,1,2.9,0.0
hinder,1,3.39,0.0
hinterland,1,2.9,0.0
hisgrim,1,0.0,0.0
hither,1,2.79,0.0
hive-base,1,3.49,0.0
hive-render,1,3.32,0.0
hive-style,1,3.49,0.0
hoarse,1,2.66,0.0
hobble,1,2.41,0.0
holding,1,4.89,0.0
holdout,1,2.44,0.0
holoatrium,1,0.0,0.0
holochip,1,0.0,0.0
holoimages,1,0.0,0.0
hololibrary,1,0.0,0.0
hololink,1,0.0,0.0
holomap,1,0.0,0.0
holoscreens,1,0.0,0.0
holster,1,3.07,0.0
holy,1,4.88,0.0
homeless,1,4.26,0.0
homesick,1,2.93,0.0
homicide,1,3.8,0.0
hone,1,3.17,0.0
honey,1,4.37,0.0
honorably,1,2.79,0.0
hood,1,4.21,0.0
hook-beaked,1,2.3,0.0
hoot,1,2.99,0.0
hopeful,1,3.79,0.0
hopeless,1,3.71,0.0
horny,1,3.79,0.0
hospital,1,5.07,0.0
hostess,1,3.35,0.0
hourglass,1,2.92,0.0
hourly,1,3.71,0.0
houseful,1,2.01,0.0
householding,1,0.0,0.0
hovercarts,1,0.0,0.0
hub,1,4.08,0.0
hubris,1,2.94,0.0
huff,1,3.12,0.0
huge-eye,1,4.74,0.0
hugely,1,3.65,0.0
humanitarian,1,3.91,0.0
hunter-killer,1,4.12,0.0
hurriedly,1,2.79,0.0
hurtful,1,3.3,0.0
hurtle,1,2.04,0.0
hush,1,3.47,0.0
hut,1,3.84,0.0
hutch,1,3.04,0.0
hutts,1,1.71,1.0
hydraulics,1,2.86,0.0
hydrocarbon,1,3.03,0.0
hyperactive,1,2.76,0.0
hyperdrive,1,2.25,0.0
hyperkinesis,1,0.0,0.0
hypermineralize,1,0.0,0.0
hypocrite,1,3.4,0.0
hysterically,1,2.94,0.0
icy,1,3.54,0.0
ideally,1,3.75,0.0
ignite,1,3.35,0.0
ignorant,1,4.05,0.0
ihey,1,0.0,0.0
iii,1,4.63,1.0
illogical,1,3.09,0.0
illumination,1,3.35,0.0
im,1,4.69,0.0
imaginary,1,3.79,0.0
imaging,1,3.93,0.0
imbue,1,2.42,0.0
imitate,1,3.29,0.0
immortal,1,3.77,0.0
immortality,1,3.41,0.0
immutable,1,2.85,0.0
impassable,1,2.74,0.0
impatience,1,2.98,0.0
imperative,1,3.66,0.0
imperceptibly,1,2.24,0.0
imperfection,1,2.81,0.0
impersonate,1,2.75,0.0
impetuosity,1,1.64,0.0
implore,1,2.84,0.0
impolitely,1,1.25,0.0
impoverish,1,1.93,0.0
impressively,1,2.97,0.0
imprint,1,3.38,0.0
imprisonment,1,3.89,0.0
impulsiveness,1,2.19,0.0
ina,1,3.22,1.0
inadequacy,1,2.79,0.0
inadequate,1,3.82,0.0
inaudible,1,2.79,0.0
incandescent,1,3.02,0.0
incapable,1,3.72,0.0
incapacity,1,2.79,0.0
inchoate,1,2.06,0.0
incident,1,4.54,0.0
incidentally,1,3.51,0.0
incognito,1,3.06,0.0
income,1,4.97,0.0
incoming,1,3.93,0.0
incompetent,1,3.65,0.0
incontrovertible,1,2.46,0.0
inconvenience,1,3.69,0.0
incorporation,1,3.4,0.0
incorrect,1,3.94,0.0
increasingly,1,4.38,0.0
incredibly,1,4.38,0.0
incriminatingly,1,0.0,0.0
indecipherable,1,2.24,0.0
indefinitely,1,3.65,0.0
indeterminate,1,2.88,0.0
indiscretion,1,2.61,0.0
indisputable,1,2.85,0.0
indistinct,1,3.02,0.0
induce,1,3.56,0.0
indulgence,1,3.19,0.0
industrialist,1,2.83,0.0
ineffective,1,3.66,0.0
ineffectual,1,2.83,0.0
inefficient,1,3.46,0.0
inevitability,1,2.9,0.0
inexorably,1,2.64,0.0
infantry,1,3.96,0.0
infantry-grade,1,3.9,0.0
infect,1,3.36,0.0
infection,1,4.33,0.0
inferiority,1,2.97,0.0
infiltrate,1,3.25,0.0
inflate,1,3.01,0.0
informal,1,3.87,0.0
infuriate,1,2.41,0.0
ingest,1,2.83,0.0
ingrain,1,1.82,0.0
ingratiate,1,2.24,0.0
ingredient,1,3.74,0.0
inhabitable,1,2.07,0.0
inhalation,1,3.12,0.0
inherit,1,3.52,0.0
inheritance,1,3.8,0.0
inhibit,1,3.34,0.0
inhospitable,1,2.76,0.0
initiate,1,3.74,0.0
inkings,1,0.0,0.0
inksack,1,0.0,0.0
inky,1,2.6,0.0
innards,1,2.54,0.0
innermost,1,2.83,0.0
innocently,1,2.88,0.0
inopportune,1,2.4,0.0
input,1,4.35,0.0
insatiable,1,3.04,0.0
insect,1,3.76,0.0
insight,1,4.19,0.0
insignia,1,3.15,0.0
insinuatingly,1,0.0,0.0
insistent,1,3.05,0.0
insistently,1,2.26,0.0
insolent,1,2.74,0.0
inspect,1,3.63,0.0
install,1,4.14,0.0
instinct-level,1,3.85,0.0
instinctively,1,3.25,0.0
instructional,1,3.51,0.0
instrumentation,1,3.46,0.0
insufficiently,1,2.76,0.0
insulation,1,3.67,0.0
intake,1,3.98,0.0
integrate,1,3.72,0.0
integration,1,4.22,0.0
integrity,1,4.22,0.0
interjection,1,2.16,0.0
intermediary,1,3.18,0.0
international,1,5.36,1.0
interpretation,1,4.22,0.0
interrogation,1,3.56,0.0
intersect,1,3.19,0.0
intimacy,1,3.64,0.0
intimately,1,3.24,0.0
intolerably,1,1.92,0.0
intonation,1,2.84,0.0
intoxicatingly,1,1.17,0.0
intrinsic,1,3.47,0.0
intrusive,1,3.33,0.0
invalidate,1,3.0,0.0
investigation,1,4.75,0.0
invitation,1,4.14,0.0
involvement,1,4.3,0.0
invulnerable,1,2.68,0.0
inwardly,1,2.73,0.0
irritable,1,3.09,0.0
isbn,1,3.11,0.0
isolation,1,4.02,0.0
isps,1,3.14,0.0
itch,1,3.36,0.0
iv,1,4.38,1.0
jab,1,3.35,0.0
jabiim,1,0.0,1.0
jail,1,4.62,0.0
jakelian,1,0.0,1.0
jangle,1,2.28,0.0
jangos,1,0.0,1.0
jangotats,1,0.0,1.0
jantos,1,0.0,1.0
jawa,1,2.26,1.0
jest,1,3.06,0.0
jet,1,4.29,0.0
jewel,1,3.68,0.0
jig,1,3.1,0.0
jinn,1,2.58,1.0
jl,1,3.09,1.0
jovial,1,2.74,0.0
joyous,1,3.33,0.0
jugglery,1,1.13,0.0
juicy,1,3.7,0.0
junction,1,3.94,0.0
jungle,1,4.12,0.0
kai,1,3.77,1.0
key,1,5.12,0.0
keyboard,1,4.11,0.0
keypad,1,2.84,0.0
khakis,1,2.5,0.0
kif,1,2.14,1.0
kilaphor,1,0.0,1.0
kilo,1,3.13,0.0
kilometerswide,1,0.0,0.0
kindsa,1,0.0,0.0
kinetics,1,2.93,0.0
kingdom,1,4.62,0.0
kink,1,3.21,0.0
kitasked,1,0.0,1.0
kitchen,1,4.65,0.0
kitfisto,1,0.0,1.0
knapsack,1,2.41,0.0
knee-high,1,4.31,0.0
knife-dance,1,4.29,0.0
knife-shape,1,4.24,0.0
knit,1,3.66,0.0
knowledgeable,1,3.53,0.0
koornacht,1,0.0,1.0
krakana,1,0.0,0.0
kraken,1,2.85,0.0
kuati,1,0.0,1.0
lab,1,4.42,0.0
label,1,4.43,0.0
laborer,1,2.89,0.0
labyrinthine,1,2.43,0.0
lackey,1,2.87,0.0
ladder,1,4.03,0.0
lag,1,3.67,0.0
landmark,1,3.89,0.0
languish,1,2.55,0.0
lariat,1,2.28,0.0
laser-blast,1,3.95,0.0
lavish,1,3.42,0.0
lazily,1,2.69,0.0
lazy,1,4.24,0.0
leach,1,3.25,0.0
leaden,1,2.4,0.0
leaderly,1,0.0,0.0
leak,1,4.09,0.0
lecture,1,4.14,0.0
ledge,1,3.41,0.0
ledger,1,3.49,0.0
left-hand,1,5.2,0.0
left-right-left,1,5.23,0.0
legally,1,4.21,0.0
legion,1,3.86,0.0
legislation,1,4.55,0.0
legitimate,1,4.22,0.0
legless,1,2.31,0.0
leisurely,1,3.05,0.0
lengthen,1,2.81,0.0
lenient,1,3.13,0.0
lense,1,2.28,0.0
lessen,1,3.37,0.0
lethality,1,2.52,0.0
lethally,1,2.13,0.0
lethargic,1,2.78,0.0
lev,1,3.15,0.0
levitate,1,2.52,0.0
levity,1,2.6,0.0
liar,1,4.02,0.0
liberal,1,4.66,0.0
lidless,1,1.47,0.0
life-support,1,5.37,0.0
lifeforms,1,2.27,0.0
lifegiving,1,0.0,0.0
lifelike,1,2.75,0.0
lifestyle,1,4.29,0.0
lifesupport,1,0.0,0.0
lightblades,1,0.0,0.0
lightly,1,3.96,0.0
lik,1,2.7,1.0
likelihood,1,3.91,0.0
limestone,1,3.75,0.0
limitation,1,3.71,0.0
limited,1,5.02,1.0
limulus-class,1,1.32,1.0
linger,1,3.31,0.0
litany,1,2.88,0.0
liter,1,3.46,0.0
literal,1,3.77,0.0
lithe,1,2.48,0.0
lithone,1,0.0,1.0
livingwarriors,1,0.0,0.0
locker,1,3.95,0.0
lone,1,3.91,0.0
loner,1,3.07,0.0
long-distance,1,4.8,0.0
long-standing,1,4.81,0.0
long-vanish,1,3.39,0.0
longdead,1,0.0,0.0
longed-for,1,3.07,0.0
longitudinal,1,3.37,0.0
loom,1,3.34,0.0
loose-limb,1,3.63,0.0
lover,1,4.26,0.0
low-altitude,1,3.9,0.0
low-caste,1,3.59,0.0
low-end,1,5.17,0.0
low-frequency,1,4.32,0.0
lower-caste,1,3.59,0.0
lower-class,1,4.92,0.0
lower-tier,1,4.11,0.0
lowly,1,3.27,0.0
lubricant,1,3.05,0.0
lucasfilm,1,2.68,1.0
luckily,1,3.92,0.0
lucrative,1,3.56,0.0
lug,1,3.09,0.0
luminous,1,3.24,0.0
lump,1,3.71,0.0
lurch,1,2.79,0.0
luscious,1,2.99,0.0
lushly,1,1.82,0.0
lustrous,1,2.66,0.0
mace,1,3.33,1.0
machination,1,1.64,0.0
macrobinoculars,1,0.0,0.0
mad,1,4.74,0.0
magcars,1,0.0,0.0
magically,1,3.36,0.0
magnetically,1,2.57,0.0
magnification,1,2.93,0.0
magnitude,1,4.0,0.0
magrails,1,0.0,0.0
maim,1,2.64,0.0
makeup,1,4.39,0.0
malaise,1,2.84,0.0
malcontent,1,2.05,0.0
malnutrition,1,3.24,0.0
mammal,1,3.31,0.0
mammary,1,2.63,0.0
mammoth,1,3.4,0.0
mandalorian,1,2.37,0.0
mandalorians,1,1.51,1.0
maneuverability,1,2.64,0.0
maniacal,1,2.61,0.0
manka,1,1.28,0.0
mannered,1,3.04,0.0
many-toe,1,4.06,0.0
mapping,1,3.88,0.0
marble,1,3.96,0.0
marble-tile,1,3.52,0.0
marker,1,3.87,0.0
maroon,1,3.35,0.0
marrow-numb,1,3.23,0.0
marsh,1,3.87,0.0
marsupial,1,2.41,0.0
marvelous,1,3.53,0.0
masculine,1,3.71,0.0
mash,1,3.55,0.0
massacre,1,3.91,0.0
massage,1,4.01,0.0
massively,1,3.51,0.0
massmarket,1,0.0,0.0
massproducing,1,0.0,0.0
master-level,1,4.81,0.0
mastery,1,3.57,0.0
mating,1,3.5,0.0
matter-of-factly,1,2.34,0.0
mature,1,4.28,0.0
maturity,1,3.87,0.0
mavinian,1,0.0,1.0
maximal,1,3.06,0.0
meaningful,1,4.14,0.0
meantime,1,4.04,0.0
meatless,1,2.4,0.0
meaty,1,3.01,0.0
mech,1,3.1,0.0
meddle,1,2.85,0.0
medic,1,3.42,0.0
meditate,1,3.26,0.0
medley,1,3.28,0.0
meds,1,3.59,0.0
megaton,1,2.33,0.0
melodic,1,3.24,0.0
membrane,1,3.82,0.0
membranous,1,2.19,0.0
memento,1,2.93,0.0
memorable,1,3.97,0.0
memorial,1,4.41,1.0
memorize,1,3.22,0.0
menace,1,3.54,0.0
mentally,1,4.2,0.0
mentop,1,0.0,0.0
mentops,1,0.0,0.0
merciful,1,3.27,0.0
mercilessly,1,2.92,0.0
meridian,1,3.38,1.0
merrily,1,2.84,0.0
messenger,1,3.95,0.0
messiness,1,2.17,0.0
metabolism,1,3.78,0.0
metalorn,1,0.0,1.0
meter-long,1,4.08,0.0
method,1,4.8,0.0
mewl,1,1.14,0.0
micro-tunnel,1,3.85,0.0
microphone,1,3.72,0.0
midair,1,2.7,0.0
midchuckle,1,0.0,0.0
midleap,1,0.0,0.0
midsection,1,2.52,0.0
midsentence,1,1.17,0.0
mightily,1,2.77,0.0
migrate,1,3.43,0.0
migration,1,4.14,0.0
mildly,1,3.43,0.0
milieu,1,2.93,0.0
milky,1,3.5,0.0
mill,1,4.38,0.0
mime,1,3.06,0.0
mind-numb,1,3.52,0.0
mindlessly,1,2.49,0.0
mineral,1,4.03,0.0
miniature,1,3.72,0.0
minimum,1,4.69,0.0
minty,1,2.69,0.0
minuscule,1,2.99,0.0
miraculous,1,3.43,0.0
mirage,1,3.29,0.0
mirthlessly,1,1.14,0.0
misbegotten,1,1.96,0.0
mischievous,1,3.15,0.0
misdirect,1,2.07,0.0
misdirection,1,2.61,0.0
misfortune,1,3.38,0.0
misinformation,1,3.27,0.0
misinterpret,1,2.6,0.0
misjudge,1,2.19,0.0
mislead,1,3.22,0.0
misspeak,1,1.41,0.0
mistakenly,1,3.45,0.0
misunderstand,1,3.15,0.0
mnemonic,1,2.62,0.0
mob,1,4.03,0.0
modern,1,5.07,0.0
modestly,1,3.06,0.0
modesty,1,3.24,0.0
modification,1,3.77,0.0
modulation,1,3.29,0.0
moisten,1,2.25,0.0
mold,1,3.77,0.0
mollusk,1,2.28,0.0
momerit,1,0.0,0.0
monofilament,1,1.95,0.0
monstrous,1,3.41,0.0
month-long,1,5.14,0.0
monument,1,3.9,0.0
moot,1,3.23,0.0
morbid,1,3.26,0.0
morrow,1,3.42,0.0
moss,1,3.89,0.0
mote,1,2.63,0.0
motley,1,3.09,0.0
mound,1,3.6,0.0
mountain-hop,1,4.23,0.0
mouthful,1,3.01,0.0
mouthwatering,1,2.4,0.0
mow,1,3.1,0.0
mrlsst,1,0.0,1.0
mtts,1,1.12,1.0
muck,1,3.12,0.0
mucosa,1,2.67,0.0
mud,1,4.13,0.0
muddy,1,3.6,0.0
mug,1,3.71,0.0
multifaceted,1,2.8,0.0
multitroop,1,0.0,1.0
murderous,1,3.37,0.0
murderously,1,1.78,0.0
murky,1,3.12,0.0
muscular,1,3.67,0.0
museum,1,4.71,0.0
mushy,1,2.94,0.0
musing,1,2.61,0.0
musky,1,2.43,0.0
mustn,1,0.0,0.0
mute,1,3.66,0.0
mutual,1,4.26,0.0
mutually,1,3.68,0.0
muzzy,1,2.0,0.0
mynocks,1,0.0,0.0
mystery,1,4.45,0.0
mystic,1,3.6,0.0
mystify,1,1.92,0.0
mystique,1,3.0,0.0
nail,1,4.21,0.0
naivete,1,2.36,0.0
naked,1,4.43,0.0
nakedness,1,2.56,0.0
nameless,1,3.15,0.0
namesake,1,3.1,0.0
nana,1,3.54,1.0
nap,1,3.82,0.0
narcotic,1,3.0,0.0
narrow-burst,1,3.95,0.0
narrow-eye,1,4.3,0.0
narrowly,1,3.65,0.0
nasty,1,4.22,0.0
nation,1,4.88,0.0
nausea,1,3.54,0.0
nautolans,1,0.0,1.0
nav,1,3.26,0.0
navigate,1,3.68,1.0
navigation,1,4.03,0.0
navigational,1,2.99,0.0
near-human,1,5.02,0.0
neat,1,3.99,0.0
nebula,1,3.23,0.0
neces,1,1.35,0.0
necessity,1,3.91,0.0
need-to-know,1,5.72,0.0
needn,1,1.04,0.0
neglect,1,3.79,0.0
nephew,1,4.01,0.0
nerve-dull,1,3.75,0.0
nerve-pincered,1,0.0,0.0
nervesticks,1,0.0,0.0
nestling,1,2.42,0.0
neural,1,3.76,0.0
nevertheless,1,4.25,0.0
newbie,1,3.2,0.0
newfound,1,3.14,0.0
nexus,1,3.65,1.0
nicety,1,1.7,0.0
niche,1,3.85,0.0
nick,1,4.59,0.0
night-vision,1,4.59,0.0
nightly,1,3.48,0.0
nightmarish,1,2.7,0.0
nimbly,1,2.22,0.0
ninetyfive,1,0.0,0.0
nip,1,3.32,0.0
nly,1,1.88,0.0
no-win,1,5.34,0.0
noghri,1,0.0,1.0
noil,1,1.36,0.0
non-nautolans,1,0.0,0.0
nonallied,1,0.0,0.0
nonbeing,1,1.01,0.0
nonconventional,1,1.39,0.0
nondominant,1,1.23,0.0
nonexistent,1,3.19,0.0
nonhumanoid,1,0.0,0.0
nonmilitary,1,1.8,0.0
nontechnological,1,0.0,0.0
nook,1,3.18,0.0
noon,1,4.11,0.0
noose,1,2.98,0.0
northeast,1,4.06,0.0
northern,1,4.85,0.0
northwest,1,4.14,0.0
nostril,1,2.77,0.0
not-presence,1,4.73,0.0
not-so-subtle,1,4.08,0.0
notable,1,4.07,0.0
noticeable,1,3.75,0.0
noticeably,1,3.36,0.0
notorious,1,3.83,0.0
novice,1,3.41,0.0
nozzle,1,3.24,0.0
nudge,1,3.22,0.0
numerous,1,4.65,0.0
nurse,1,4.4,0.0
nursing,1,4.32,0.0
nurturance,1,1.46,0.0
nut,1,4.04,0.0
nxious,1,0.0,0.0
obeisance,1,2.1,0.0
obiwan,1,1.12,0.0
oblige,1,3.1,0.0
oblique,1,3.2,0.0
obliterate,1,2.79,0.0
oblivion,1,3.32,0.0
oblivious,1,3.31,0.0
oblong,1,2.93,0.0
obscenity,1,2.9,0.0
obscurity,1,3.2,0.0
observant,1,3.05,0.0
obtuse,1,3.04,0.0
occasional,1,4.12,0.0
occurance,1,1.78,0.0
ocol,1,0.0,0.0
off-guard,1,4.7,0.0
off-put,1,5.47,0.0
offering,1,4.6,0.0
offhand,1,2.63,0.0
offset,1,3.99,0.0
offshoot,1,2.98,0.0
offspring,1,3.77,0.0
ohhh,1,3.32,0.0
ohma-d,1,1.11,1.0
okay,1,5.06,0.0
omen,1,3.12,0.0
ominously,1,2.52,0.0
oncluding,1,0.0,0.0
one-centimeter,1,2.89,0.0
oneself,1,3.55,0.0
onlooker,1,2.31,0.0
ooh,1,3.76,1.0
opacity,1,2.84,0.0
opening,1,4.94,0.0
openly,1,4.11,0.0
openness,1,3.4,0.0
opine,1,2.3,0.0
opinionate,1,0.0,0.0
oppose,1,3.94,0.0
opposition,1,4.57,0.0
oppression,1,3.79,0.0
oppressive,1,3.45,0.0
optic,1,3.65,0.0
optimally,1,2.78,0.0
opulence,1,2.69,0.0
opulent,1,2.91,0.0
orange-and-gold,1,4.51,0.0
orange-color,1,4.44,0.0
orange-stripe,1,3.48,0.0
orbital,1,3.59,0.0
orbiter,1,2.94,0.0
organelle,1,2.13,0.0
organically,1,3.03,0.0
organization,1,4.92,0.0
organizer,1,3.57,0.0
orient,1,3.44,0.0
originally,1,4.69,0.0
orthe,1,1.55,0.0
ostentatious,1,2.68,0.0
otherwhere,1,1.01,0.0
otherwise,1,4.88,0.0
ours,1,4.16,0.0
outburst,1,3.15,0.0
outermost,1,2.7,0.0
outmaneuver,1,1.97,0.0
outward,1,3.52,0.0
overcome,1,4.27,0.0
overconfidence,1,2.35,0.0
overdrive,1,3.18,0.0
overflow,1,3.39,0.0
overgrow,1,1.48,0.0
overheat,1,2.7,0.0
overlap,1,3.7,0.0
overlie,1,1.64,0.0
overload,1,3.5,0.0
overnight,1,4.19,0.0
overreaction,1,2.77,0.0
overripe,1,2.07,0.0
overtly,1,3.16,0.0
overture,1,3.01,0.0
overwhelmingly,1,3.54,0.0
oxygen,1,4.25,0.0
paddle,1,3.49,0.0
painfully,1,3.47,0.0
painkiller,1,2.77,0.0
pale-skin,1,4.02,0.0
palpably,1,2.21,0.0
pamper,1,2.78,0.0
panamerican,1,1.59,1.0
panick,1,1.63,0.0
pantomime,1,3.0,0.0
pants,1,4.48,0.0
paradox,1,3.63,0.0
paragon,1,3.05,0.0
paragraph,1,4.03,0.0
paralysis,1,3.48,0.0
paralytic,1,2.48,0.0
parameter,1,3.57,0.0
parent-child,1,4.5,0.0
parlay,1,2.57,0.0
parley,1,2.61,0.0
parole,1,3.78,0.0
parry,1,3.44,0.0
partake,1,3.23,0.0
participate,1,4.42,0.0
partition,1,3.67,0.0
partnership,1,4.48,0.0
passionate,1,4.09,0.0
passively,1,3.01,0.0
paste,1,3.91,0.0
pate,1,2.88,0.0
patriot,1,3.73,0.0
patrol,1,4.14,0.0
patron,1,3.73,0.0
patter,1,2.77,0.0
peacekeeper,1,2.59,0.0
peacemaker,1,2.69,0.0
peal,1,2.41,0.0
peculiar,1,3.67,0.0
peek,1,3.7,0.0
pen,1,4.38,0.0
penalize,1,2.74,0.0
penthouse,1,3.31,0.0
people-mover,1,3.21,0.0
perceive,1,3.72,0.0
performer,1,3.8,0.0
perfume,1,3.75,0.0
periodically,1,3.59,0.0
periphery,1,3.3,0.0
perk,1,3.19,0.0
perky,1,2.95,0.0
permacrete,1,0.0,0.0
perpetrate,1,2.48,0.0
perseverance,1,3.34,0.0
persistent,1,3.9,0.0
persuasion,1,3.33,0.0
perverse,1,3.19,0.0
perversion,1,2.87,0.0
pessimism,1,2.97,0.0
petrify,1,1.67,0.0
petroleum-crack,1,3.78,0.0
pfft,1,2.96,0.0
phantasmal,1,1.49,0.0
phenomenal,1,3.76,0.0
philosopher,1,3.72,0.0
physically,1,4.3,0.0
physician,1,4.18,0.0
physiognomy,1,2.1,0.0
physique,1,3.29,0.0
pie,1,4.19,0.0
piercingly,1,1.6,0.0
piker,1,1.7,0.0
pile,1,4.14,0.0
piling,1,3.3,0.0
pincer,1,2.36,0.0
pinpoint,1,3.35,0.0
pious,1,3.31,0.0
pirate,1,3.96,0.0
piteously,1,1.38,0.0
placate,1,2.77,0.0
placid,1,3.01,0.0
plainly,1,3.38,0.0
plaintive,1,2.46,0.0
plaintively,1,1.83,0.0
plane,1,4.72,0.0
planetwide,1,0.0,0.0
plastic,1,4.51,0.0
plasticity,1,2.96,0.0
plastoid,1,0.0,0.0
plateau,1,3.61,1.0
platter,1,3.25,0.0
pledge,1,4.0,0.0
plentiful,1,3.36,0.0
plenty,1,4.72,0.0
plexus,1,2.79,0.0
pliable,1,2.64,0.0
plight,1,3.46,0.0
pluck,1,3.13,0.0
plug,1,4.14,0.0
plumage,1,2.94,0.0
plump,1,3.19,0.0
podrace,1,0.0,1.0
poise,1,3.04,0.0
poisonous,1,3.57,0.0
police,1,5.33,0.0
policy,1,5.17,0.0
politeness,1,2.93,0.0
politick,1,1.3,0.0
poorly,1,4.1,0.0
populous,1,3.41,0.0
porch,1,3.85,0.0
port,1,4.73,0.0
portable,1,3.97,0.0
portentous,1,2.14,0.0
portion,1,4.53,0.0
possession,1,4.38,0.0
postpone,1,3.48,0.0
postponement,1,3.03,0.0
pot,1,4.4,0.0
potency,1,3.27,0.0
potent,1,3.74,0.0
potentially,1,4.39,0.0
power-cell,1,4.78,0.0
power-grub,1,3.12,0.0
powerfully,1,3.14,0.0
powerhouse,1,3.44,0.0
practitioner,1,3.63,0.0
prance,1,2.39,0.0
prattle,1,2.18,0.0
preamble,1,2.87,0.0
precariously,1,2.54,0.0
precaution,1,3.4,0.0
precedent,1,3.78,0.0
precipice,1,2.76,0.0
predatory,1,3.39,0.0
predeparture,1,0.0,0.0
prefab,1,2.34,0.0
prefabricate,1,0.0,0.0
preferably,1,3.71,0.0
preform,1,2.5,0.0
premature,1,3.7,0.0
premium,1,4.33,0.0
preordain,1,0.0,0.0
preplan,1,1.18,0.0
prepossess,1,0.0,0.0
prescient,1,2.66,0.0
preselect,1,1.29,0.0
presume,1,3.62,0.0
presumptuous,1,2.86,0.0
pretext,1,3.27,0.0
pretty-pretty,1,5.08,0.0
prim,1,2.87,0.0
primal,1,3.32,0.0
princess,1,4.53,0.0
principle,1,4.34,0.0
privy,1,3.46,0.0
prize,1,4.59,0.0
probability,1,4.02,0.0
procedure,1,4.44,0.0
procession,1,3.57,0.0
procure,1,3.16,0.0
prod,1,3.25,0.0
prodigal,1,2.92,0.0
prodigious,1,2.92,0.0
production-line,1,4.98,0.0
productive,1,4.22,0.0
professor,1,4.9,0.0
profit-and-loss,1,4.55,0.0
profitable,1,4.03,0.0
profitably,1,2.69,0.0
progenitor,1,2.84,0.0
prohibitively,1,2.62,0.0
prominence,1,3.54,0.0
prominent,1,4.33,0.0
promptly,1,3.84,0.0
prone,1,3.93,0.0
pronunciation,1,3.51,0.0
proof,1,4.7,0.0
propel,1,3.16,0.0
properly,1,4.64,0.0
propose,1,3.99,0.0
propulsion,1,3.46,0.0
prosper,1,3.45,0.0
prosperous,1,3.6,0.0
prostrate,1,2.68,0.0
protective,1,4.13,0.0
protoplasm,1,1.85,0.0
protozoan,1,2.1,0.0
protrude,1,2.49,0.0
protrusion,1,2.48,0.0
proudly,1,3.71,0.0
provoke,1,3.5,0.0
pry-bar,1,3.08,0.0
psyche,1,3.42,0.0
psychiatric,1,3.87,0.0
puke,1,3.28,0.0
punishment,1,4.34,0.0
pure-power,1,4.59,0.0
puter,1,2.04,0.0
puzzlement,1,2.19,0.0
quad,1,3.7,0.0
qualify,1,4.19,0.0
quantity,1,4.07,0.0
quartermeter,1,0.0,0.0
quasi-spiritual,1,3.44,0.0
quaver,1,1.74,0.0
queyta,1,0.0,1.0
qui-go,1,3.32,1.0
quicken,1,2.86,0.0
quietude,1,1.87,0.0
quillwas,1,0.0,0.0
rabble,1,3.01,0.0
radiant,1,3.49,0.0
radically,1,3.54,0.0
radio,1,5.01,0.0
radius,1,3.86,0.0
ragtag,1,2.37,0.0
railcar,1,2.2,0.0
railway,1,4.46,0.0
rainbow,1,4.07,0.0
ram,1,4.19,0.0
range-finding,1,4.66,0.0
rant,1,3.67,0.0
rapidity,1,2.37,0.0
raring,1,2.45,0.0
rash,1,3.67,0.0
ratio,1,4.37,0.0
rational,1,4.06,0.0
rationalize,1,2.89,0.0
rattatak,1,0.0,1.0
raucous,1,2.82,0.0
rave,1,3.52,0.0
raven,1,3.79,0.0
ravenous,1,2.76,0.0
ravenously,1,1.73,0.0
razor,1,3.72,0.0
re,1,5.23,0.0
re-enter,1,4.67,0.0
readiness,1,3.59,0.0
readout,1,2.69,0.0
real-time,1,5.52,0.0
reasonably,1,4.03,0.0
reawaken,1,1.98,0.0
rebellious,1,3.36,0.0
rebreathe,1,0.0,0.0
rebuild,1,3.9,0.0
rebuke,1,3.1,0.0
recalibrate,1,2.35,0.0
recede,1,2.71,0.0
receiver,1,4.09,0.0
receptive,1,3.32,0.0
recharge,1,3.4,0.0
reciprocal,1,3.22,0.0
recline,1,2.51,0.0
reclusive,1,2.76,0.0
recognition,1,4.47,0.0
recognizable,1,3.45,0.0
recommendation,1,4.09,0.0
reconfiguration,1,2.5,0.0
recover,1,4.29,0.0
recovery,1,4.58,0.0
recreation,1,4.04,0.0
recuperate,1,2.73,0.0
recuperation,1,2.64,0.0
recuperative,1,1.72,0.0
recur,1,2.65,0.0
red-and-black,1,5.08,0.0
red-beard,1,4.05,0.0
red-fur,1,4.01,0.0
red-haired,1,3.69,0.0
red-ring,1,4.69,0.0
red-skin,1,4.77,0.0
redness,1,2.95,0.0
reduction,1,4.39,0.0
redundancy,1,3.32,0.0
ree,1,2.8,0.0
reedy,1,2.56,0.0
reek,1,2.76,0.0
reenter,1,2.43,0.0
reevaluate,1,2.9,0.0
reflexive,1,2.84,0.0
reflux,1,2.99,0.0
refrain,1,3.63,0.0
refresh,1,3.65,0.0
refresher,1,2.92,0.0
refurbish,1,2.57,0.0
regale,1,2.27,0.0
regress,1,2.63,0.0
regretfully,1,2.5,0.0
regroup,1,3.06,0.0
regular,1,4.95,0.0
regularity,1,3.03,0.0
rehearse,1,2.94,0.0
reincarnation,1,3.15,0.0
reinforcement,1,3.43,0.0
reintegration,1,2.63,0.0
reject,1,4.03,0.0
rejuvenate,1,2.67,0.0
relaxation,1,3.71,0.0
reliability,1,3.92,0.0
religious,1,4.85,0.0
reminiscent,1,3.61,0.0
remote,1,4.41,0.0
rend,1,2.43,0.0
renegotiate,1,2.72,0.0
renewal,1,3.84,0.0
rent,1,4.58,0.0
repeatedly,1,4.21,0.0
repel,1,3.2,0.0
repercussion,1,2.25,0.0
repetition,1,3.48,0.0
repressive,1,3.08,0.0
reproach,1,2.94,0.0
reproduce,1,3.63,0.0
republican,1,4.7,1.0
repulsion,1,2.61,0.0
repulsorlift,1,0.0,0.0
reputable,1,3.41,0.0
reputedly,1,2.58,0.0
reroute,1,2.41,0.0
reseach,1,1.59,0.0
researcher,1,3.92,0.0
reservation,1,3.95,0.0
reset,1,3.83,0.0
reshift,1,0.0,0.0
residence,1,4.36,0.0
resign,1,3.97,0.0
resistance,1,4.55,0.0
resistence,1,1.86,0.0
resonant,1,3.13,0.0
resonate,1,3.19,0.0
resplendent,1,2.67,0.0
responsive,1,3.7,0.0
restaurant,1,4.68,1.0
restlessly,1,2.24,0.0
restorative,1,2.96,0.0
resurrect,1,3.06,0.0
retain,1,4.16,0.0
retaliate,1,3.1,0.0
retch,1,2.04,0.0
reticent,1,2.62,0.0
retool,1,2.22,0.0
retract,1,3.03,0.0
retrieval,1,3.33,0.0
revel,1,3.11,0.0
revelation,1,3.96,0.0
revelatory,1,2.45,0.0
reveler,1,1.47,0.0
revenge,1,4.28,0.0
revenue,1,4.64,0.0
reverie,1,2.62,0.0
reverse,1,4.37,0.0
review,1,5.12,0.0
revocation,1,2.93,0.0
rhyme,1,3.56,0.0
rhythmics,1,0.0,0.0
richness,1,3.26,0.0
richocheted,1,0.0,0.0
ricochet,1,2.75,0.0
riddle,1,3.44,0.0
ridiculous,1,4.46,0.0
right-side,1,5.37,0.0
rightful,1,3.38,0.0
rightfully,1,3.24,0.0
rightly,1,3.73,0.0
rigorous,1,3.68,0.0
rijel,1,0.0,1.0
rijel-twelve,1,0.0,1.0
riot,1,4.09,0.0
rock-color,1,4.66,0.0
rocket,1,4.31,0.0
rocktumbled,1,0.0,0.0
roil,1,1.83,0.0
rom,1,3.75,0.0
romantic,1,4.43,0.0
roster,1,4.09,0.0
rough-look,1,4.47,0.0
roughly,1,4.36,0.0
roughness,1,2.81,0.0
rouse,1,3.1,0.0
rout,1,3.09,0.0
rubbery,1,2.61,0.0
rude,1,4.25,0.0
rueful,1,2.17,0.0
rug,1,3.72,0.0
rumble,1,3.43,0.0
ruminative,1,1.55,0.0
runaway,1,3.54,0.0
rung,1,3.2,0.0
runoff,1,3.53,0.0
rust,1,3.74,0.0
rust-color,1,3.71,0.0
rust-red,1,3.73,0.0
ruthlessness,1,2.52,0.0
sabilon,1,0.0,1.0
saboteur,1,2.4,0.0
sacred,1,4.24,0.0
sadist,1,2.65,0.0
safeguard,1,3.55,0.0
sagely,1,1.96,0.0
sake,1,4.4,0.0
salmon-color,1,3.96,0.0
salutation,1,2.44,0.0
salve,1,2.81,0.0
salvo,1,2.86,0.0
sampling,1,3.75,0.0
sanctum,1,2.82,0.0
sand-cover,1,4.35,0.0
sand-ree,1,2.79,0.0
sand-wagon,1,3.79,0.0
sandwasps,1,0.0,0.0
sap,1,3.6,0.0
sardonically,1,1.95,0.0
sarily,1,0.0,0.0
sarlacc,1,1.57,1.0
satchel,1,2.9,0.0
satisfactory,1,3.57,0.0
saucy,1,2.9,0.0
savage,1,4.05,0.0
savior,1,3.67,0.0
savory,1,3.0,0.0
scalpel,1,2.76,0.0
scandal,1,4.17,0.0
scarlet,1,3.64,0.0
scath,1,0.0,0.0
schematic,1,3.12,0.0
scheme,1,4.57,0.0
science,1,5.12,0.0
scoop,1,3.69,0.0
scope,1,4.26,0.0
scorch,1,2.73,0.0
score,1,4.83,0.0
scornfully,1,1.92,0.0
scowl,1,2.51,0.0
scrambler,1,2.42,0.0
scrap-wood,1,3.85,0.0
scraping,1,3.33,0.0
scribe,1,3.08,0.0
script,1,4.36,0.0
scruple,1,1.89,0.0
scrupulous,1,2.57,0.0
scuff,1,2.45,0.0
scurry,1,2.59,0.0
sea-prig,1,1.9,0.0
seamlessly,1,3.1,0.0
season,1,5.48,0.0
seclude,1,1.7,0.0
secretively,1,1.57,0.0
sect,1,3.54,0.0
secutive,1,0.0,1.0
sedentary,1,3.14,0.0
seductive,1,3.23,0.0
seductively,1,2.5,0.0
seemingly,1,4.1,0.0
seepage,1,2.47,0.0
selectiveness,1,1.06,0.0
self-administer,1,3.53,0.0
self-contained,1,4.39,0.0
self-image,1,4.77,0.0
self-induced,1,4.01,0.0
self-inspection,1,4.11,0.0
self-medicate,1,2.48,0.0
self-mock,1,3.83,0.0
self-mockery,1,3.29,0.0
self-possessed,1,3.83,0.0
self-regenerate,1,3.15,0.0
semicircle,1,2.27,0.0
semiconscious,1,1.46,0.0
semisolid,1,1.51,0.0
senior,1,4.92,0.0
sensible,1,3.98,0.0
sensitize,1,2.07,0.0
separately,1,4.08,0.0
seriously,1,4.94,0.0
serving,1,4.62,0.0
session,1,4.72,0.0
settler,1,3.15,0.0
seven-three-two,1,4.97,1.0
seventeen,1,3.87,0.0
seventy,1,3.78,0.0
seventy-five,1,3.77,0.0
seventytwo,1,0.0,0.0
severely,1,4.1,0.0
sewage-suck,1,3.5,0.0
sexual,1,4.82,0.0
shack,1,3.43,0.0
shading,1,3.3,0.0
shakedown,1,2.65,0.0
shallowly,1,2.11,0.0
shard,1,3.0,0.0
shareholder,1,3.63,0.0
sharpness,1,3.01,0.0
sharshar,1,0.0,1.0
shaven-head,1,2.88,0.0
shear,1,3.4,0.0
sheathe,1,1.82,0.0
shed,1,4.23,0.0
shell-shock,1,4.12,0.0
shelve,1,2.39,0.0
shininess,1,1.45,0.0
ship-out,1,4.91,0.0
ship-to-ship,1,4.63,0.0
shipsarrive,1,0.0,0.0
shirk,1,2.66,0.0
shock-resistant,1,3.86,0.0
shoe,1,4.24,0.0
shoosh,1,1.52,0.0
short-range,1,4.91,0.0
shortage,1,3.91,0.0
shorten,1,3.38,0.0
shorthaired,1,1.6,0.0
shorthand,1,3.16,0.0
shortlegged,1,0.0,0.0
shoulder-high,1,4.48,0.0
shoulder-roll,1,4.31,0.0
shouldhave,1,0.0,0.0
shrapnel,1,3.15,0.0
shutter,1,3.48,0.0
sibilance,1,1.58,0.0
side-to-side,1,5.2,0.0
sidestep,1,2.59,0.0
sienna,1,2.97,0.0
signatory,1,2.92,0.0
significance,1,4.18,0.0
significant,1,4.98,0.0
silk-thin,1,3.95,0.0
silkily,1,1.26,0.0
silliness,1,2.79,0.0
silver-skin,1,4.56,0.0
silvery,1,3.0,0.0
sim,1,3.8,0.0
simplistic,1,3.32,0.0
simulation,1,3.94,0.0
simultaneous,1,3.53,0.0
sin,1,4.37,0.0
sincerity,1,3.34,0.0
sinew,1,2.33,0.0
sinewy,1,2.07,0.0
single-person,1,5.17,0.0
singular,1,3.74,0.0
singularity,1,3.16,0.0
sinister,1,3.6,0.0
sire,1,3.43,0.0
sixteen,1,3.95,1.0
skeletal,1,3.39,0.0
skepticism,1,3.4,0.0
ski,1,4.13,0.0
skinny,1,3.99,0.0
skip,1,4.21,0.0
skylanes,1,0.0,0.0
skyline,1,3.49,0.0
skyport,1,0.0,0.0
skyscraper,1,3.2,0.0
skysitter,1,0.0,1.0
skywalk,1,2.1,0.0
slacken,1,2.0,0.0
slake,1,2.01,0.0
slat-wall,1,2.35,0.0
slather,1,2.23,0.0
slaughterhouse,1,2.94,0.0
sleep-fantasie,1,1.71,0.0
sleep-learn,1,4.8,0.0
sleeper,1,3.46,0.0
sleepless,1,3.18,0.0
slew,1,3.34,0.0
slick,1,3.71,0.0
slidewalks,1,0.0,0.0
slime,1,3.38,0.0
slink,1,2.38,0.0
slither,1,2.53,0.0
slough,1,3.06,0.0
sluggish,1,3.25,0.0
sluggishly,1,1.94,0.0
sluice,1,2.63,0.0
slum,1,3.25,0.0
smack,1,3.64,0.0
small-body,1,5.15,0.0
smartly,1,2.93,0.0
smelt,1,2.99,0.0
smidgen,1,2.29,0.0
smoky,1,3.33,0.0
smolder,1,2.01,0.0
smooth-pated,1,1.38,0.0
smuggle,1,3.11,0.0
snakelike,1,1.55,0.0
snakequiet,1,0.0,0.0
sneak,1,3.99,0.0
sneakily,1,2.28,0.0
snide,1,2.59,0.0
snidely,1,1.83,0.0
sniper,1,3.73,0.0
snooty,1,2.55,0.0
snow,1,4.66,0.0
snowcapped,1,1.73,0.0
snowflake,1,3.25,0.0
snub-nose,1,2.89,0.0
soberly,1,2.19,0.0
solarium,1,2.21,0.0
soldierly,1,1.64,0.0
solely,1,4.2,0.0
solitude,1,3.42,0.0
sombre,1,2.84,0.0
somethingappeared,1,0.0,0.0
somethinghad,1,0.0,0.0
sometime,1,4.16,0.0
sooty,1,2.51,0.0
sophistication,1,3.27,0.0
sordid,1,2.99,0.0
sore,1,3.99,0.0
sorrow,1,3.73,0.0
sourly,1,1.65,0.0
sovereign,1,3.95,0.0
spa,1,3.96,0.0
spatter,1,2.4,0.0
spear,1,3.7,0.0
spec,1,3.59,0.0
specify,1,3.78,0.0
speck,1,3.02,0.0
speckle,1,2.23,0.0
spectacle,1,3.61,0.0
spectral,1,3.46,0.0
spherical,1,3.39,0.0
spicy,1,3.8,0.0
spider-infest,1,2.53,0.0
spiderlike,1,0.0,0.0
spiel,1,2.66,0.0
spiky,1,2.75,0.0
spinal,1,3.85,0.0
spindly,1,2.31,0.0
spindragonarrived,1,0.0,0.0
spindragonwas,1,0.0,0.0
spiral-dance,1,3.82,0.0
spit-polish,1,3.72,0.0
splay,1,2.09,0.0
splice,1,2.87,0.0
splotchily,1,0.0,0.0
splutter,1,1.83,0.0
spore,1,3.0,0.0
spore-mead,1,2.86,0.0
spot-weld,1,3.32,0.0
spotless,1,3.12,0.0
sprig,1,2.43,0.0
sprinkle,1,3.39,0.0
spur,1,3.66,0.0
spying-about,1,3.65,0.0
squabble,1,2.59,0.0
squad,1,4.67,0.0
squawk,1,2.42,0.0
squint,1,2.8,0.0
squirt,1,3.22,0.0
squishy,1,3.04,0.0
stab,1,3.78,0.0
stability,1,4.31,0.0
stabilize,1,3.46,0.0
stadium,1,4.63,0.0
stair,1,3.26,0.0
stairway,1,3.15,0.0
stalemate,1,3.04,0.0
stalk-tip,1,3.43,0.0
stamp,1,4.11,0.0
starburst-shape,1,2.61,0.0
stark,1,4.01,0.0
startle,1,2.69,0.0
startlingly,1,2.42,0.0
starvation,1,3.52,0.0
starwars,1,2.35,0.0
stat,1,3.95,0.0
stateroom,1,2.37,0.0
statistically,1,3.67,0.0
stave,1,3.04,0.0
steadily,1,3.84,0.0
stealth,1,3.53,0.0
steel,1,4.71,0.0
stench,1,3.11,0.0
stepchild,1,2.19,0.0
stepladder,1,2.07,0.0
stepmother,1,3.16,0.0
stepson,1,2.85,0.0
stern,1,3.9,0.0
sternly,1,2.59,0.0
stick-thin,1,4.29,0.0
stiffness,1,3.2,0.0
stifle,1,3.0,0.0
stimulant,1,3.06,0.0
stimulantseeking,1,0.0,0.0
stimulus,1,3.82,0.0
stomach-curdle,1,2.02,0.0
stomach-wrench,1,3.33,0.0
storage,1,4.57,0.0
storm-sweep,1,3.89,0.0
storm-swim,1,4.08,0.0
stout,1,3.45,0.0
straight-ahead,1,4.72,0.0
strait,1,3.6,0.0
stranger,1,4.28,0.0
strangle,1,3.04,0.0
strategist,1,3.26,0.0
stratum,1,2.67,0.0
streambed,1,1.76,0.0
streamline,1,3.18,0.0
strength-to-weight,1,4.59,0.0
stressful,1,3.88,0.0
striation,1,1.51,0.0
strictly,1,4.16,0.0
strident,1,2.66,0.0
strife,1,3.4,1.0
stringent,1,3.43,0.0
stripe,1,3.51,0.0
stronghold,1,3.42,0.0
structural,1,4.18,0.0
stud,1,3.74,0.0
student,1,5.02,0.0
stump,1,3.45,0.0
stun-cable,1,3.34,0.0
stun-gun-protect,1,3.35,0.0
stupefy,1,1.67,0.0
subdue,1,3.06,0.0
submerge,1,2.6,0.0
submit,1,4.28,0.0
subsidiary,1,3.92,0.0
subsistence,1,3.11,0.0
substitute,1,4.17,0.0
subterfuge,1,2.69,0.0
subtlety,1,3.09,0.0
subtly,1,3.3,0.0
subvert,1,2.95,0.0
success,1,5.06,0.0
succulent,1,3.0,0.0
sucker,1,3.59,0.0
suction-cup,1,3.35,0.0
sufficiently,1,3.8,0.0
suicide,1,4.62,0.0
suitable,1,4.38,0.0
suitably,1,3.13,0.0
sullust,1,1.21,1.0
summit,1,4.3,0.0
sunblossoms,1,0.0,0.0
sunken,1,3.26,0.0
sunrise,1,3.82,0.0
sunset,1,4.04,0.0
sup,1,3.56,0.0
supercontracted,1,0.0,0.0
superficial,1,3.56,0.0
superfluous,1,3.0,0.0
superiority,1,3.59,0.0
superlative,1,2.79,0.0
supporter,1,4.07,0.0
supposition,1,2.63,0.0
suppress,1,3.66,0.0
surcharge,1,3.12,0.0
surpass,1,3.37,0.0
surplus,1,3.87,0.0
surrounding,1,4.49,0.0
swagger,1,3.16,0.0
swamp,1,3.84,0.0
swap,1,3.94,0.0
swatch,1,2.81,0.0
swath,1,2.83,0.0
swerve,1,2.95,0.0
swimmingly,1,2.35,0.0
swordfighter,1,0.0,0.0
syllable,1,3.32,0.0
symbol,1,4.31,0.0
symbolic,1,3.86,0.0
symbolize,1,3.04,0.0
symmetrical,1,3.28,0.0
symphony,1,3.77,0.0
synchronize,1,2.71,0.0
syndicate,1,3.51,0.0
synthesize,1,2.94,0.0
synthetic,1,3.95,0.0
synthstone,1,0.0,0.0
systemwide,1,2.06,0.0
taciturn,1,2.37,0.0
tactically,1,2.88,0.0
tag,1,4.44,0.0
takeoff,1,3.35,0.0
tal-gun,1,3.25,1.0
talent,1,4.64,0.0
talented,1,4.3,0.0
tallian,1,0.0,1.0
tamp,1,2.3,0.0
tan,1,4.01,0.0
tan-clothe,1,2.73,0.0
tan-skin,1,3.96,0.0
tangentially,1,2.38,0.0
tangy,1,2.64,0.0
tannery,1,2.42,0.0
tatter,1,1.28,0.0
tavern-boast,1,3.23,0.0
tea,1,4.73,0.0
tearful,1,2.99,0.0
tease,1,3.59,1.0
technological,1,4.06,0.0
telti,1,0.0,1.0
temerity,1,2.42,0.0
tempo,1,3.74,0.0
temptation,1,3.72,0.0
tenacious,1,3.04,0.0
tenderly,1,2.78,0.0
tenderness,1,3.24,0.0
tendon,1,3.31,0.0
tenloss,1,0.0,1.0
tent-city,1,4.04,0.0
tentacled,1,1.87,0.0
tentative,1,3.45,0.0
tentatively,1,3.14,0.0
termin,1,1.18,1.0
terminally,1,3.03,0.0
tersely,1,1.94,0.0
text,1,5.01,1.0
thakval,1,0.0,1.0
thankful,1,3.93,0.0
thankfully,1,3.8,0.0
thatch-roof,1,2.7,0.0
thatone,1,0.0,0.0
theater,1,4.35,0.0
theatrically,1,2.43,0.0
theatrics,1,2.68,0.0
thecapsule,1,0.0,0.0
thecommander,1,0.0,0.0
thejkdroids,1,0.0,1.0
theoretical,1,4.01,0.0
theoretically,1,3.64,0.0
thermoenergetic,1,0.0,0.0
thicklegged,1,0.0,0.0
thickness,1,3.75,0.0
thieve,1,1.66,0.0
thirteen,1,3.89,0.0
thirty-degree,1,4.27,0.0
thirty-two,1,4.37,0.0
thither,1,2.52,0.0
thoracic,1,3.05,0.0
thorough,1,3.97,0.0
thoughtfully,1,2.97,0.0
thousand-eye,1,4.49,0.0
thousand-ship,1,4.46,0.0
thousand-square-kilometer,1,3.16,0.0
three-dimensional,1,4.02,0.0
three-strike,1,4.63,0.0
three-two,1,5.61,1.0
three-x,1,5.1,0.0
three-year,1,5.56,0.0
threeyear,1,0.0,0.0
threshold,1,4.03,0.0
thrinx,1,0.0,0.0
throat-slit,1,3.41,0.0
throatily,1,0.0,0.0
throaty,1,2.24,0.0
throb,1,2.68,0.0
throe,1,1.24,0.0
thrum,1,1.97,0.0
thud,1,2.9,0.0
thuggery,1,2.17,0.0
thumbnail,1,3.24,0.0
thumbnail-size,1,3.24,0.0
thumbprint,1,2.21,0.0
thumbs-up,1,3.69,0.0
tidal,1,3.7,0.0
tight-beam,1,4.0,0.0
tight-lip,1,4.0,0.0
tightness,1,2.96,0.0
tile-floor,1,3.69,0.0
till,1,4.79,0.0
timbre,1,2.64,0.0
timid,1,3.25,0.0
tinker,1,3.28,0.0
tirelessly,1,3.08,0.0
titan,1,3.69,0.0
titanic,1,3.59,0.0
title,1,5.1,0.0
toklar,1,0.0,1.0
tolmea,1,0.0,1.0
tomb,1,3.89,0.0
ton,1,4.29,0.0
toolsheds,1,0.0,0.0
topic,1,4.49,0.0
torment,1,3.36,0.0
torpid,1,1.73,0.0
torque,1,3.65,0.0
torrid,1,2.64,0.0
torso,1,3.41,0.0
torturous,1,2.57,0.0
touch-screen,1,4.58,0.0
touche,1,2.68,0.0
toughness,1,3.31,0.0
tow,1,3.72,0.0
tracer,1,3.19,0.0
tracing,1,3.56,0.0
trackless,1,2.02,0.0
tract,1,3.71,0.0
traction,1,3.78,0.0
traditional,1,4.84,0.0
traditionally,1,4.06,0.0
tragic,1,4.08,0.0
training,1,5.18,0.0
trajectory,1,3.61,0.0
trancelike,1,1.24,0.0
transcend,1,3.1,0.0
transference,1,2.73,0.0
transformation,1,4.21,0.0
transformative,1,3.14,0.0
transit,1,4.2,0.0
transluscent,1,0.0,0.0
transparisteel,1,0.0,0.0
transponder,1,3.07,0.0
trash,1,4.42,0.0
trauma,1,4.14,0.0
traveler,1,3.57,0.0
tray,1,3.75,0.0
treacherous,1,3.32,0.0
treachery,1,3.13,0.0
treaded,1,1.72,0.0
treatment,1,5.01,0.0
tree,1,4.85,0.0
tree-line,1,4.76,0.0
trek,1,3.96,0.0
tremulous,1,2.02,0.0
trend,1,4.51,0.0
trepidation,1,2.72,0.0
trial,1,4.87,0.0
triangular,1,3.42,0.0
tribe,1,4.12,0.0
tricopper,1,0.0,0.0
trill,1,2.73,0.0
trillion,1,3.79,0.0
trip,1,4.9,0.0
triple-jowl,1,2.07,0.0
triplet,1,2.7,0.0
triumverate,1,0.0,0.0
triwing,1,0.0,0.0
trod,1,2.54,0.0
troglodyte,1,1.96,0.0
truthful,1,3.42,0.0
truthfully,1,3.23,0.0
tsk,1,3.01,0.0
tubular,1,3.24,0.0
tumult,1,2.7,0.0
tunic,1,3.08,0.0
turbolifts,1,0.0,0.0
turner,1,4.19,1.0
tutelage,1,2.76,0.0
tweak,1,3.27,0.0
twelv,1,0.0,0.0
twenty-five,1,4.59,0.0
twenty-four,1,4.6,0.0
twinkle,1,3.17,0.0
two-dimensional,1,4.03,0.0
two-edge,1,4.72,0.0
two-hundred-year-old,1,4.64,0.0
two-passenger,1,4.37,0.0
typically,1,4.62,0.0
uh-huh,1,3.96,1.0
umber,1,2.39,0.0
umm-hmmm,1,3.29,1.0
unaccounted,1,2.85,0.0
unaffected,1,3.34,0.0
unaffiliate,1,0.0,0.0
unamused,1,1.81,0.0
unanticipated,1,2.72,0.0
unasked,1,2.09,0.0
unavailable,1,3.63,0.0
unaware,1,3.87,0.0
unbalance,1,2.31,0.0
unbelievable,1,4.08,0.0
unbelievably,1,3.42,0.0
unblemished,1,2.43,0.0
unbridle,1,0.0,0.0
unbrought,1,0.0,0.0
unburn,1,0.0,0.0
unchanging,1,2.73,0.0
uncivilized,1,2.61,0.0
uncle,1,4.45,0.0
uncomfortably,1,3.0,0.0
unconcerned,1,2.74,0.0
unconsidered,1,1.63,0.0
uncontrollably,1,2.98,0.0
uncountable,1,2.44,0.0
uncounted,1,2.17,0.0
uncover,1,3.48,0.0
uncoweled,1,0.0,0.0
undeclare,1,0.0,0.0
undented,1,0.0,0.0
underbelly,1,2.74,0.0
underbrush,1,2.2,0.0
underclass,1,2.62,0.0
underling,1,2.24,0.0
underpopulated,1,1.65,0.0
undersea,1,2.86,0.0
understandably,1,3.26,0.0
underworld,1,3.46,0.0
undetectable,1,2.83,0.0
undifferentiated,1,2.49,0.0
unending,1,2.95,0.0
unexplained,1,3.28,0.0
unfair,1,4.17,0.0
unfavorable,1,3.21,0.0
unfazed,1,2.48,0.0
unfeeling,1,2.4,0.0
unfertile,1,0.0,0.0
unfertilized,1,1.97,0.0
unflappable,1,2.07,0.0
unflex,1,0.0,0.0
unfocus,1,1.03,0.0
unfold,1,3.45,0.0
unfolde,1,0.0,0.0
unfortunately,1,4.62,0.0
unfriendly,1,3.1,0.0
ungainly,1,2.42,0.0
unguard,1,0.0,0.0
unhelmet,1,0.0,0.0
unimpeded,1,2.53,0.0
unimpressed,1,2.92,0.0
unintentional,1,3.12,0.0
uniquely,1,3.54,0.0
universal,1,4.49,0.0
university,1,5.39,0.0
unkempt,1,2.64,0.0
unleash,1,3.41,0.0
unlicensed,1,3.1,0.0
unlimited,1,4.1,0.0
unlive,1,0.0,0.0
unload,1,3.24,0.0
unmap,1,0.0,0.0
unmentionable,1,2.01,0.0
unmercifully,1,1.67,0.0
unmonitored,1,1.87,0.0
unmove,1,0.0,0.0
unnaturally,1,2.6,0.0
unneeded,1,2.64,0.0
unnerstan,1,0.0,0.0
unnoticed,1,3.42,0.0
unofficial,1,3.66,0.0
unofficially,1,2.94,0.0
unopened,1,2.94,0.0
unorthodox,1,3.16,0.0
unpack,1,3.04,0.0
unpowered,1,2.02,0.0
unprecedented,1,3.82,0.0
unreel,1,0.0,0.0
unruffle,1,0.0,0.0
unruly,1,3.08,0.0
unsay,1,1.51,0.0
unseat,1,2.59,0.0
unshaken,1,1.89,0.0
unsparing,1,2.07,0.0
unspeakable,1,3.12,0.0
unstable,1,3.87,0.0
unsteadily,1,1.89,0.0
unstoppable,1,3.48,0.0
unsure,1,3.75,0.0
unsustainable,1,3.15,0.0
untapped,1,2.94,0.0
unthink,1,1.11,0.0
unthinkable,1,3.27,0.0
untie,1,2.51,0.0
untraceable,1,2.46,0.0
untravelable,1,0.0,0.0
untrustworthy,1,2.83,0.0
unused,1,3.64,0.0
unusually,1,3.76,0.0
unvaried,1,1.3,0.0
unwary,1,2.33,0.0
unwelcome,1,3.14,0.0
unwind,1,3.09,0.0
unwise,1,3.09,0.0
unwrap,1,2.56,0.0
unwrinkle,1,0.0,0.0
upcurrent,1,0.0,0.0
update,1,4.69,0.0
uplink,1,2.73,0.0
upload,1,3.99,0.0
upper-body,1,4.64,0.0
upright,1,3.74,0.0
uproar,1,3.16,0.0
upset,1,4.61,0.0
upside,1,4.01,0.0
uptake,1,3.28,0.0
urgency,1,3.55,0.0
usher,1,3.51,0.0
utilty,1,0.0,0.0
vacation,1,4.4,0.0
vague,1,3.87,0.0
vaguely,1,3.47,0.0
vane,1,3.0,0.0
vanity,1,3.74,0.0
vanquish,1,2.62,0.0
variant,1,3.78,0.0
variously,1,3.19,0.0
vastly,1,3.62,0.0
vault,1,3.9,0.0
ve,1,4.56,0.0
vector,1,3.99,0.0
veined,1,2.33,0.0
velvet-pad,1,3.57,0.0
venal,1,2.34,0.0
venality,1,1.8,1.0
vengeance,1,3.68,0.0
verbal,1,3.91,0.0
verge,1,3.67,0.0
verification,1,3.7,0.0
versatility,1,3.32,0.0
versus,1,4.32,0.0
vertebral,1,2.81,0.0
vertebrate,1,2.97,0.0
vertical,1,4.15,0.0
verygood,1,1.14,1.0
vestige,1,2.54,0.0
vestigial,1,2.47,0.0
vex,1,2.85,0.0
vibration,1,3.59,0.0
victorious,1,3.57,0.0
viewports,1,1.6,0.0
viewscreen,1,1.59,0.0
vine,1,3.73,0.0
violation,1,4.15,0.0
violently,1,3.62,0.0
vippits,1,0.0,1.0
vista,1,3.71,0.0
visualize,1,3.27,0.0
visually,1,3.68,0.0
vocally,1,2.8,0.0
void,1,4.01,0.0
volatility,1,3.49,0.0
volley,1,3.24,0.0
voluminous,1,2.84,0.0
voluntarily,1,3.72,0.0
voluntary,1,4.01,0.0
vondar,1,0.0,1.0
voracious,1,2.77,0.0
vote,1,5.11,0.0
vouch,1,3.13,0.0
vow,1,3.56,0.0
voyage,1,3.89,0.0
vulgar,1,3.53,0.0
wag,1,3.03,0.0
wake-tea,1,4.44,0.0
wakeup,1,2.56,0.0
wall-shake,1,4.25,0.0
wall-to-wall,1,4.74,0.0
walled-off,1,3.43,0.0
wallet,1,4.15,0.0
wan,1,3.8,1.0
wanderer,1,3.01,0.0
wane,1,2.83,0.0
wanly,1,1.43,0.0
war-ravage,1,2.58,0.0
ward,1,4.37,0.0
ware,1,3.55,0.0
warfare,1,4.05,0.0
warily,1,2.39,0.0
warm-up,1,4.7,0.0
warp,1,3.63,0.0
warranty,1,3.73,0.0
wasteland,1,3.19,0.0
watchful,1,3.09,0.0
waterfall,1,3.54,0.0
watertight,1,2.79,0.0
waveform,1,2.85,0.0
weakling,1,2.43,0.0
weakminded,1,0.0,0.0
weaver,1,3.6,1.0
web-hand,1,4.66,0.0
weed,1,4.27,0.0
weekly,1,4.57,0.0
weep,1,3.37,0.0
well-born,1,5.04,0.0
wenty-five,1,1.21,0.0
wharf,1,3.48,0.0
wheellike,1,0.0,0.0
whereabouts,1,3.54,0.0
whiff,1,3.22,0.0
whimper,1,2.71,0.0
whirlpool,1,2.99,0.0
whirr,1,2.01,0.0
white-hot,1,5.0,0.0
white-smock,1,2.57,1.0
whitecapped,1,0.0,0.0
whizz,1,2.49,0.0
wholly,1,3.83,0.0
whoop,1,3.2,0.0
whuffed,1,0.0,0.0
wickedly,1,2.56,0.0
widow,1,4.08,0.0
wildly,1,3.71,0.0
windage,1,2.01,0.0
wine,1,4.74,0.0
winner,1,4.8,0.0
winter,1,4.89,0.0
wireframe,1,1.99,0.0
wireless,1,4.2,0.0
wiring,1,3.53,0.0
wisp,1,2.68,0.0
wispy,1,2.42,0.0
witch,1,4.11,0.0
wizen,1,0.0,0.0
wobbly,1,3.03,0.0
wonderingly,1,1.15,0.0
wordless,1,2.57,0.0
work-furlough,1,2.75,0.0
workstation,1,3.04,0.0
worsen,1,3.06,0.0
worthwhile,1,3.74,0.0
would-be,1,6.16,0.0
wrack,1,2.21,0.0
wreathe,1,1.29,0.0
wrest,1,2.63,0.0
wrestle,1,3.48,0.0
wretch,1,2.83,0.0
write,1,5.03,0.0
writhe,1,2.24,0.0
wrongdoing,1,3.26,0.0
xagobah,1,0.0,1.0
xexto,1,0.0,1.0
xythan,1,0.0,1.0
yal-noy,1,1.78,1.0
yanthans,1,0.0,1.0
yard,1,4.57,0.0
yawl,1,2.04,0.0
yawn,1,3.07,0.0
yeah,1,5.37,1.0
yellow-haired,1,3.66,0.0
yellow-orange,1,4.35,0.0
yellow-skin,1,4.49,0.0
youngster,1,3.27,0.0
younot,1,0.0,0.0
yt,1,3.21,1.0
zag,1,2.79,0.0
zap,1,2.96,0.0
zig,1,3.05,0.0
zoom,1,3.83,0.0
